id,user_id,first_name,last_name,email,user_language,gender,book_lend_date,book_lend_id
1,73-5087628,Lawton,Cains,lcains0@telegraph.co.uk,Zulu,Male,3/12/2024,24686
2,28-3022466,Rodi,Dahlberg,rdahlberg1@apple.com,French,Female,11/9/2023,1003
3,64-9734931,Archibald,Giacovelli,agiacovelli2@dion.ne.jp,Pashto,Male,1/16/2023,26199
4,20-3738435,Wynn,Spring,wspring3@oracle.com,Montenegrin,Female,7/7/2023,24328
5,33-7188929,Berty,Twizell,btwizell4@networksolutions.com,Hindi,Male,7/1/2023,29425
6,22-0940371,Martainn,Houselee,mhouselee5@google.com.hk,Telugu,Agender,4/26/2023,31049
7,45-7041886,Montague,Gaine,mgaine6@live.com,Sotho,Male,11/18/2023,27886
8,88-3954085,Jenine,Manginot,jmanginot7@purevolume.com,Yiddish,Female,12/12/2023,35743
9,29-5355001,Brett,Lammerich,blammerich8@123-reg.co.uk,Aymara,Male,7/21/2023,10531
10,80-2886928,Aymer,Culcheth,aculcheth9@booking.com,Polish,Male,3/26/2023,15585
11,85-6935315,Laurens,Grandisson,lgrandissona@imgur.com,Luxembourgish,Male,10/19/2023,38741
12,23-2961301,Herold,Gavey,hgaveyb@ox.ac.uk,Chinese,Male,6/30/2023,7736
13,69-9636274,Haven,Bradder,hbradderc@google.fr,Indonesian,Male,8/31/2023,44555
14,92-6378475,Olivier,Kendrick,okendrickd@diigo.com,Malagasy,Male,1/1/2024,27044
15,23-5933037,Newton,Cotton,ncottone@tuttocitta.it,Bosnian,Male,4/24/2023,6730
16,37-7864275,Cam,Lebond,clebondf@berkeley.edu,Bosnian,Male,2/28/2023,31533
17,81-1539534,Gabi,Guite,gguiteg@google.com.br,Marathi,Female,6/12/2023,26408
18,81-7609208,Ruthann,Hymas,rhymash@topsy.com,Guaraní,Female,6/13/2023,41833
19,77-5242375,Iain,Blueman,ibluemani@globo.com,Bengali,Male,1/1/2024,45629
20,47-6905085,Alec,Stiddard,astiddardj@who.int,Swahili,Male,4/15/2023,44709
21,44-3496738,Ninon,Reck,nreckk@nsw.gov.au,Greek,Female,2/4/2024,2099
22,76-9689156,Andreas,Sealove,asealovel@constantcontact.com,Hindi,Male,2/15/2023,19745
23,86-1632243,Georgeta,McCurtain,gmccurtainm@sphinn.com,Quechua,Female,10/16/2023,15127
24,10-9389547,Patrica,Bassford,pbassfordn@princeton.edu,German,Female,1/5/2023,23395
25,97-7839672,Shayne,Tooby,stoobyo@japanpost.jp,Gujarati,Male,9/27/2023,41270
26,65-9853870,Welby,Halladay,whalladayp@webnode.com,Georgian,Male,7/15/2023,14227
27,49-8558284,Yoshiko,Balaam,ybalaamq@redcross.org,Zulu,Female,3/19/2023,34122
28,47-7737113,Josias,Crosland,jcroslandr@de.vu,Moldovan,Genderqueer,9/26/2023,9742
29,46-5652051,Binky,Cutill,bcutills@ted.com,Azeri,Male,6/26/2023,25973
30,23-5507455,Mitchel,Meffan,mmeffant@geocities.com,Dari,Male,8/31/2023,24099
31,44-3597856,Sinclair,Denman,sdenmanu@creativecommons.org,Catalan,Male,5/28/2023,24310
32,66-1049015,Helga,Leagas,hleagasv@buzzfeed.com,Pashto,Female,5/13/2023,28584
33,15-5568512,Caritta,Hugo,chugow@census.gov,Quechua,Female,11/2/2023,13305
34,77-0748054,Odey,Bending,obendingx@cpanel.net,Portuguese,Male,8/25/2023,43914
35,87-9276756,Jen,Joscelyne,jjoscelyney@harvard.edu,Japanese,Female,5/16/2023,39838
36,76-6405771,Simonne,Skerritt,sskerrittz@163.com,Bosnian,Genderfluid,2/22/2023,259
37,13-3601559,Phil,Stubbert,pstubbert10@trellian.com,Czech,Bigender,10/11/2023,41671
38,01-1407412,Phineas,Kopelman,pkopelman11@google.es,Kazakh,Male,6/1/2023,7702
39,44-8178367,Zsazsa,Hebditch,zhebditch12@cnbc.com,Indonesian,Female,1/28/2023,1249
40,50-7126906,Skippy,Newlin,snewlin13@networksolutions.com,Chinese,Male,6/18/2023,30663
41,53-6901367,Loise,Lyster,llyster14@mit.edu,Swahili,Female,4/1/2023,18196
42,70-4859017,Town,Tisun,ttisun15@soup.io,Polish,Male,10/11/2023,7857
43,45-9264541,Chaim,Cobb,ccobb16@homestead.com,Azeri,Male,9/1/2023,5200
44,29-9852989,Phedra,Lindsell,plindsell17@cargocollective.com,Pashto,Female,10/6/2023,41584
45,21-4179574,Silva,Blumsom,sblumsom18@cafepress.com,Filipino,Female,5/4/2023,23478
46,04-6716189,Peggy,Tugwell,ptugwell19@google.pl,Lithuanian,Female,10/8/2023,32817
47,96-7729701,Toby,Whitehall,twhitehall1a@furl.net,Malagasy,Male,2/6/2023,42924
48,01-1792401,Bronnie,Renwick,brenwick1b@vkontakte.ru,Gujarati,Male,11/8/2023,11348
49,99-0328819,Marsha,Coventry,mcoventry1c@oracle.com,Yiddish,Female,11/26/2023,10453
50,03-7578014,Gwenette,Sprankling,gsprankling1d@google.ru,Guaraní,Female,7/7/2023,27671
51,06-5731045,Philippa,Larciere,plarciere1e@nydailynews.com,Irish Gaelic,Female,12/29/2023,13274
52,12-1306876,Adams,Eaddy,aeaddy1f@tiny.cc,Greek,Non-binary,10/4/2023,10458
53,16-7412884,Aura,Sauter,asauter1g@netscape.com,Hebrew,Female,3/3/2023,4063
54,48-7424686,Eimile,Brech,ebrech1h@unc.edu,Haitian Creole,Female,9/7/2023,6038
55,34-3817360,Alric,Mathers,amathers1i@howstuffworks.com,Italian,Male,2/8/2024,24363
56,55-6645069,Lizette,Cuddehay,lcuddehay1j@a8.net,Hebrew,Female,2/25/2023,26006
57,26-7254991,Dunc,Idney,didney1k@sakura.ne.jp,Sotho,Male,12/26/2023,34697
58,72-3298281,Bernhard,Merida,bmerida1l@google.com.au,Malay,Male,3/30/2023,4797
59,83-6297401,Tymon,Oakenfull,toakenfull1m@blogs.com,Haitian Creole,Male,7/12/2023,4116
60,57-8827220,Christal,Guilder,cguilder1n@imdb.com,Ndebele,Female,2/26/2024,20497
61,28-2652097,Patric,Josifovitz,pjosifovitz1o@bloglines.com,Luxembourgish,Male,3/1/2023,33117
62,49-7052655,Avery,Saffen,asaffen1p@illinois.edu,Hungarian,Male,5/20/2023,16112
63,33-1739767,Andi,Kneesha,akneesha1q@tinyurl.com,Northern Sotho,Genderfluid,1/7/2024,7125
64,54-3440015,Dietrich,Coffey,dcoffey1r@gizmodo.com,Somali,Male,2/6/2023,33134
65,02-6170345,Vaughan,Terrazzo,vterrazzo1s@mac.com,Marathi,Bigender,7/3/2023,28829
66,33-8585113,Craig,Yonnie,cyonnie1t@quantcast.com,Punjabi,Male,3/18/2023,40485
67,84-7934296,Heall,Hudspith,hhudspith1u@amazon.co.uk,Amharic,Male,11/16/2023,28845
68,26-0604942,Doyle,Haddow,dhaddow1v@feedburner.com,Hungarian,Male,5/21/2023,15034
69,82-4815614,Evy,Mattin,emattin1w@vinaora.com,Zulu,Female,1/23/2023,25076
70,06-0562192,Zeke,O'Kelly,zokelly1x@nationalgeographic.com,Lao,Male,8/24/2023,32751
71,03-9936552,Lucille,Lintall,llintall1y@skyrock.com,Greek,Female,2/16/2024,4055
72,54-8833589,Anna,Benoey,abenoey1z@globo.com,Catalan,Female,12/3/2023,23272
73,18-5088369,Shirlee,Giorgioni,sgiorgioni20@shinystat.com,Estonian,Polygender,12/9/2023,19412
74,13-0850716,Cletis,Boydon,cboydon21@sohu.com,Aymara,Male,2/15/2023,18506
75,86-1716004,Silvanus,Collopy,scollopy22@blog.com,Czech,Agender,8/28/2023,9894
76,61-8556751,Guy,Telfer,gtelfer23@soundcloud.com,Croatian,Male,6/13/2023,17633
77,96-3266494,Bo,Sibyllina,bsibyllina24@lycos.com,Bosnian,Male,10/8/2023,45326
78,72-3126727,Ware,Knappe,wknappe25@shop-pro.jp,Hiri Motu,Male,7/19/2023,44674
79,11-2472668,Rosamond,Jzhakov,rjzhakov26@usa.gov,Afrikaans,Female,9/11/2023,18557
80,61-8388716,Barbey,Reah,breah27@shareasale.com,Filipino,Genderfluid,1/13/2024,24399
81,32-0027330,Dalila,Corless,dcorless28@google.com.br,Hebrew,Female,12/28/2023,27503
82,56-3983854,Yancey,Divisek,ydivisek29@ning.com,Hiri Motu,Male,8/24/2023,12191
83,98-9427387,Florina,Hamner,fhamner2a@51.la,Luxembourgish,Female,1/14/2024,7516
84,88-3718917,Oswald,Gasnoll,ogasnoll2b@tinyurl.com,Hungarian,Male,8/12/2023,43097
85,31-5171737,Iago,Okenfold,iokenfold2c@patch.com,Thai,Male,5/19/2023,13696
86,70-8019425,Chad,Whitley,cwhitley2d@so-net.ne.jp,Telugu,Male,12/5/2023,12998
87,30-0951063,Nicholle,Oxenbury,noxenbury2e@economist.com,Indonesian,Female,8/28/2023,26305
88,79-1018297,Robina,Oxshott,roxshott2f@archive.org,Japanese,Female,7/25/2023,5482
89,93-0309843,Ilse,Mazzilli,imazzilli2g@studiopress.com,Papiamento,Female,1/27/2023,24239
90,31-8587974,Giffie,Paolillo,gpaolillo2h@loc.gov,Afrikaans,Male,2/23/2023,21537
91,10-9951025,Julie,Freddi,jfreddi2i@a8.net,Azeri,Female,10/9/2023,36369
92,49-5298824,Carlotta,McGonnell,cmcgonnell2j@ihg.com,Georgian,Female,2/4/2023,38626
93,43-7204048,Dougie,Glisane,dglisane2k@businessinsider.com,Bengali,Male,3/1/2024,39993
94,38-5791872,Alexis,D'Oyly,adoyly2l@unc.edu,Khmer,Male,11/12/2023,29874
95,52-5655283,Cory,Yakebovich,cyakebovich2m@sitemeter.com,Czech,Female,3/18/2023,12357
96,91-1397429,Roddy,Boyton,rboyton2n@csmonitor.com,Italian,Male,10/28/2023,13230
97,65-0430000,Alistair,Ganley,aganley2o@tuttocitta.it,Hindi,Male,1/24/2024,30801
98,15-6172496,Gelya,Kislingbury,gkislingbury2p@unblog.fr,Luxembourgish,Female,10/14/2023,36972
99,80-2320385,Minnaminnie,Elstob,melstob2q@sakura.ne.jp,Zulu,Female,9/6/2023,39318
100,76-3542232,Dorothee,Waberer,dwaberer2r@home.pl,Ndebele,Female,4/30/2023,13422
101,48-2404315,Rayner,Willard,rwillard2s@liveinternet.ru,West Frisian,Male,2/5/2023,13943
102,07-7509471,Arvie,Boom,aboom2t@360.cn,Croatian,Male,3/6/2024,17746
103,58-4570972,Matilda,Jurczyk,mjurczyk2u@naver.com,Armenian,Female,9/10/2023,9418
104,58-6145230,Zak,Wootton,zwootton2v@imageshack.us,Korean,Male,2/10/2024,23669
105,55-9930711,Arnuad,Mussen,amussen2w@sourceforge.net,Kurdish,Male,6/27/2023,26854
106,26-7836555,Priscella,Sabbatier,psabbatier2x@independent.co.uk,Latvian,Female,4/14/2023,8576
107,60-3480492,Lois,Izen,lizen2y@illinois.edu,Malagasy,Non-binary,2/7/2024,36646
108,83-0610800,Alethea,Larkby,alarkby2z@independent.co.uk,Amharic,Non-binary,12/21/2023,10877
109,26-9680406,Tymothy,Klagge,tklagge30@surveymonkey.com,Pashto,Male,8/6/2023,5060
110,56-5136375,Massimo,Oakeshott,moakeshott31@tripod.com,Albanian,Male,10/22/2023,3078
111,70-4325347,Estrella,Amori,eamori32@bandcamp.com,Assamese,Female,9/21/2023,6579
112,50-4462578,Jakob,Bedo,jbedo33@bluehost.com,German,Male,9/3/2023,20607
113,57-8031227,Case,Maasz,cmaasz34@geocities.com,Malay,Male,5/7/2023,3055
114,50-7094641,Ebonee,Winfindine,ewinfindine35@moonfruit.com,Italian,Female,1/23/2024,20425
115,31-7387499,Gibby,McCandie,gmccandie36@simplemachines.org,Marathi,Male,5/18/2023,2094
116,40-8709438,Avrit,Grayham,agrayham37@nsw.gov.au,Arabic,Female,1/30/2024,17633
117,07-6961308,Meagan,Kezourec,mkezourec38@elegantthemes.com,Dutch,Female,4/17/2023,29720
118,02-7618476,Erika,Emlen,eemlen39@ibm.com,Gujarati,Female,10/29/2023,15008
119,13-1963087,Perri,Pyke,ppyke3a@shutterfly.com,Tetum,Female,5/17/2023,32918
120,60-2037777,Merola,Scotchbrook,mscotchbrook3b@devhub.com,Yiddish,Female,2/16/2023,44155
121,36-8730424,Caz,Hargie,chargie3c@bloomberg.com,Dhivehi,Male,4/1/2023,41208
122,78-6212972,Andree,Carle,acarle3d@fotki.com,Northern Sotho,Female,2/16/2023,1749
123,49-4910363,Zolly,Ledamun,zledamun3e@umich.edu,Dari,Bigender,6/11/2023,21092
124,94-7866089,Mirna,Vanyushin,mvanyushin3f@deliciousdays.com,Moldovan,Female,7/20/2023,15932
125,02-7687376,Greer,Waltho,gwaltho3g@etsy.com,Khmer,Female,11/30/2023,31045
126,49-1101807,Killian,Mathely,kmathely3h@netscape.com,Danish,Male,11/17/2023,36370
127,80-9542538,Alissa,Gladhill,agladhill3i@sun.com,Spanish,Agender,3/5/2023,629
128,87-4227770,Gaye,Calderbank,gcalderbank3j@cornell.edu,Georgian,Female,5/24/2023,24794
129,11-3510532,Cal,Surman-Wells,csurmanwells3k@examiner.com,Bosnian,Male,1/3/2024,21393
130,73-6139487,Marissa,Spur,mspur3l@surveymonkey.com,Maltese,Female,2/20/2023,6374
131,90-0507836,Charles,Hucquart,chucquart3m@nih.gov,Dutch,Male,4/29/2023,9241
132,05-1022578,Carleton,Chivers,cchivers3n@nytimes.com,Kazakh,Male,6/11/2023,33447
133,72-0132256,Towny,Dowe,tdowe3o@nymag.com,Telugu,Male,9/1/2023,41034
134,70-1930410,Zebulon,Spitell,zspitell3p@imdb.com,Burmese,Male,12/3/2023,45356
135,86-6711916,Mendel,Cariss,mcariss3q@omniture.com,Tamil,Polygender,12/30/2023,25509
136,23-4657029,Chen,Denkin,cdenkin3r@wikispaces.com,Punjabi,Male,3/17/2023,36151
137,68-1539573,Archibaldo,Restieaux,arestieaux3s@biblegateway.com,Indonesian,Male,6/7/2023,37599
138,15-9237064,Augie,Giller,agiller3t@geocities.com,Northern Sotho,Male,10/3/2023,23187
139,15-1175342,Ewell,Birtwistle,ebirtwistle3u@cdbaby.com,Danish,Male,6/22/2023,5074
140,47-6655967,Lolita,Colbertson,lcolbertson3v@kickstarter.com,Gagauz,Female,12/15/2023,34648
141,70-2520901,Anjela,Spurett,aspurett3w@taobao.com,Guaraní,Female,11/10/2023,19415
142,92-2565473,Gwenora,Currell,gcurrell3x@cbslocal.com,Tsonga,Female,6/10/2023,17995
143,82-4373922,Madelina,Sjollema,msjollema3y@harvard.edu,Arabic,Female,11/30/2023,28404
144,74-8867803,Marjory,Gregon,mgregon3z@indiegogo.com,French,Female,10/26/2023,19944
145,90-4514867,Selestina,Sancias,ssancias40@japanpost.jp,Punjabi,Female,8/2/2023,44783
146,84-9662867,Bernadene,Goodbarne,bgoodbarne41@twitpic.com,Greek,Female,5/22/2023,18810
147,09-1309529,Petrina,Sirett,psirett42@illinois.edu,Korean,Female,4/14/2023,17006
148,64-4016137,Myrwyn,Meneyer,mmeneyer43@google.com,Indonesian,Male,2/8/2023,18516
149,08-1806609,Ryun,Noorwood,rnoorwood44@boston.com,Korean,Male,12/12/2023,30711
150,82-6081291,Nicky,Reinhart,nreinhart45@usda.gov,Telugu,Male,3/21/2023,26769
151,82-6524233,Ingra,Dorsey,idorsey46@1688.com,Swedish,Male,2/23/2024,4927
152,49-7945815,Angelita,Gregson,agregson47@vinaora.com,Czech,Female,2/13/2023,22585
153,73-8658366,Mead,Lyford,mlyford48@sakura.ne.jp,Mongolian,Male,5/4/2023,14852
154,18-9297261,Ruperta,Walcot,rwalcot49@census.gov,Punjabi,Female,3/1/2024,9802
155,21-3908148,Cooper,Vasyutochkin,cvasyutochkin4a@wsj.com,Latvian,Male,2/8/2023,14166
156,36-0859697,Roby,Baseggio,rbaseggio4b@census.gov,Assamese,Female,2/20/2024,38203
157,35-1125977,Thain,Bridgewood,tbridgewood4c@hexun.com,Guaraní,Male,9/29/2023,36914
158,48-1507437,Elsey,Ughelli,eughelli4d@studiopress.com,Finnish,Female,2/11/2024,23638
159,02-7652304,Axe,Anfossi,aanfossi4e@myspace.com,Armenian,Male,5/15/2023,39595
160,88-3485042,Annmarie,Gras,agras4f@fastcompany.com,Hebrew,Female,1/24/2023,41982
161,64-0995127,Fielding,Christoffersen,fchristoffersen4g@engadget.com,Thai,Male,6/30/2023,7155
162,10-7273044,Hershel,Hake,hhake4h@amazon.de,Northern Sotho,Male,6/3/2023,21841
163,97-3433920,Hamish,Colbrun,hcolbrun4i@feedburner.com,Belarusian,Male,5/26/2023,16290
164,11-6540090,Goldy,Oxe,goxe4j@merriam-webster.com,Swedish,Female,6/21/2023,34432
165,33-8124793,Nicky,Strahan,nstrahan4k@over-blog.com,Marathi,Male,9/21/2023,26690
166,91-4377593,Jessamyn,Scandrite,jscandrite4l@wisc.edu,Icelandic,Female,1/5/2023,15470
167,90-0174433,Donelle,Eisenberg,deisenberg4m@tmall.com,Azeri,Female,9/1/2023,29020
168,59-1451978,Verne,Fardo,vfardo4n@disqus.com,German,Male,2/12/2023,17881
169,85-6907848,Blair,Millery,bmillery4o@mysql.com,Pashto,Male,2/6/2024,39138
170,65-7514749,Camella,Iannazzi,ciannazzi4p@mediafire.com,Filipino,Female,1/15/2023,24350
171,65-2933719,Celine,Giles,cgiles4q@free.fr,Malagasy,Female,1/18/2024,9346
172,85-7361224,Lurline,Iffland,liffland4r@sakura.ne.jp,Norwegian,Female,2/10/2023,5438
173,65-9792831,Pate,Shalloe,pshalloe4s@skyrock.com,Malagasy,Genderfluid,2/3/2024,32542
174,81-6696754,Davine,Howe,dhowe4t@epa.gov,Dhivehi,Female,3/20/2023,7709
175,01-3065893,Josephina,McCaskill,jmccaskill4u@e-recht24.de,Irish Gaelic,Female,11/2/2023,10895
176,82-8193628,Devondra,Brodeau,dbrodeau4v@youtu.be,New Zealand Sign Language,Genderfluid,5/30/2023,35875
177,57-4465586,Edith,Galia,egalia4w@forbes.com,Mongolian,Female,4/24/2023,13239
178,06-4403171,Darin,Valdes,dvaldes4x@narod.ru,Quechua,Male,7/25/2023,16944
179,55-0947974,Joeann,Montacute,jmontacute4y@craigslist.org,Northern Sotho,Genderfluid,9/28/2023,42439
180,39-3430187,Brose,Sciusscietto,bsciusscietto4z@xrea.com,Finnish,Male,9/12/2023,32843
181,23-4831680,Eveleen,Stirling,estirling50@prnewswire.com,Georgian,Female,9/18/2023,39013
182,90-3844688,Eyde,Kippax,ekippax51@abc.net.au,Portuguese,Female,11/11/2023,28730
183,84-1443958,Forrest,Wilce,fwilce52@t.co,Kurdish,Male,12/15/2023,44086
184,34-7180096,Stanwood,Hapgood,shapgood53@mysql.com,Persian,Male,6/22/2023,13969
185,52-7353377,Arline,Birkby,abirkby54@homestead.com,Thai,Female,2/4/2023,31071
186,13-2955931,Alicea,Goundsy,agoundsy55@java.com,Thai,Female,11/5/2023,20726
187,30-6766562,Georgie,Hockell,ghockell56@answers.com,Gujarati,Female,12/13/2023,13948
188,60-1843071,Zsazsa,Quarles,zquarles57@admin.ch,Czech,Female,1/21/2024,28459
189,86-6366711,Norina,Izod,nizod58@blogtalkradio.com,Nepali,Female,4/25/2023,33489
190,80-4323512,Berk,Blencoe,bblencoe59@issuu.com,Macedonian,Male,1/24/2024,38248
191,83-8282853,Kelley,Ivetts,kivetts5a@omniture.com,Haitian Creole,Female,12/19/2023,12713
192,15-3692287,Lynette,Lucio,llucio5b@wisc.edu,Azeri,Female,12/31/2023,43228
193,84-2961014,Karl,Gaynes,kgaynes5c@jalbum.net,Northern Sotho,Male,4/6/2023,24887
194,89-8111265,Toby,Squier,tsquier5d@trellian.com,Malay,Male,9/18/2023,34676
195,70-8696095,Ray,Charsley,rcharsley5e@cdbaby.com,Greek,Genderqueer,5/8/2023,33321
196,65-1541217,Geraldine,Ryott,gryott5f@shop-pro.jp,Romanian,Female,2/26/2023,29133
197,78-2553144,Ches,Dorking,cdorking5g@is.gd,New Zealand Sign Language,Male,3/12/2023,8536
198,99-0588067,Auroora,Marquot,amarquot5h@mediafire.com,Irish Gaelic,Female,9/2/2023,38807
199,37-6393020,Eugen,Meeron,emeeron5i@t.co,Chinese,Male,1/30/2024,26489
200,28-2896412,Nobe,Silversmid,nsilversmid5j@dot.gov,Dutch,Male,3/8/2023,44945
201,10-5143966,Shelley,Megarrell,smegarrell5k@goodreads.com,Dari,Non-binary,10/21/2023,20075
202,06-0195643,Butch,Stiffkins,bstiffkins5l@desdev.cn,Tswana,Male,4/17/2023,6123
203,03-4362248,Geri,Camin,gcamin5m@com.com,Ndebele,Female,3/4/2023,20342
204,63-7385897,Kahaleel,Cape,kcape5n@macromedia.com,Kannada,Male,4/1/2023,916
205,28-9678660,Dewain,Dungey,ddungey5o@virginia.edu,Nepali,Male,10/23/2023,44349
206,62-6452996,Eddie,Vokes,evokes5p@privacy.gov.au,Aymara,Female,9/8/2023,42722
207,28-2201397,Franky,Macer,fmacer5q@addtoany.com,Norwegian,Male,8/31/2023,27840
208,75-2824127,Maible,Dieton,mdieton5r@narod.ru,Kurdish,Female,1/11/2023,16836
209,80-0864763,Jacquenette,Othick,jothick5s@wikimedia.org,Ndebele,Female,8/29/2023,32650
210,11-3920094,Charisse,Meadowcraft,cmeadowcraft5t@usgs.gov,Haitian Creole,Female,9/27/2023,35809
211,32-9580905,Doralyn,Neles,dneles5u@miibeian.gov.cn,Afrikaans,Female,7/2/2023,28458
212,37-9046481,Cullan,Idney,cidney5v@biglobe.ne.jp,Nepali,Male,4/9/2023,23506
213,30-6594944,Bennett,Malamore,bmalamore5w@si.edu,Dzongkha,Male,11/12/2023,24367
214,41-2948314,Douglas,Mahaddie,dmahaddie5x@mayoclinic.com,Thai,Male,7/29/2023,45434
215,48-4738518,Zelma,Barkworth,zbarkworth5y@army.mil,Dutch,Female,4/22/2023,2978
216,72-0402430,Livia,Shoreson,lshoreson5z@ucoz.ru,Luxembourgish,Female,1/21/2023,29750
217,52-3318781,Sharl,Trinkwon,strinkwon60@flickr.com,Norwegian,Genderfluid,4/6/2023,6247
218,80-8965318,Aldus,Crebo,acrebo61@live.com,Somali,Male,6/4/2023,11504
219,44-4198026,Josee,Bellhouse,jbellhouse62@mlb.com,Zulu,Female,2/15/2023,23618
220,28-0411123,Em,Thomlinson,ethomlinson63@photobucket.com,Korean,Male,3/27/2023,25139
221,46-5239442,Cinnamon,Liddel,cliddel64@reference.com,Hungarian,Female,1/2/2023,31110
222,99-5862296,Eldin,Ostrich,eostrich65@wp.com,Northern Sotho,Male,9/16/2023,43496
223,47-0210350,Millisent,Dimbylow,mdimbylow66@4shared.com,Croatian,Female,2/16/2023,6613
224,54-7155120,Lita,Waszkiewicz,lwaszkiewicz67@de.vu,Thai,Female,1/15/2023,43587
225,48-9572655,Maddalena,Ivons,mivons68@fc2.com,Romanian,Female,6/15/2023,37634
226,40-6489526,Chance,Baake,cbaake69@adobe.com,Macedonian,Male,4/19/2023,21493
227,50-1638012,Dukie,Flintoft,dflintoft6a@amazon.com,Tok Pisin,Male,5/21/2023,27115
228,34-4515951,Dolores,Godson,dgodson6b@yolasite.com,Latvian,Female,9/16/2023,11414
229,59-2518057,Joye,Olenichev,jolenichev6c@google.com.br,Hungarian,Non-binary,3/18/2023,12580
230,47-0374716,Karol,Shenfisch,kshenfisch6d@ed.gov,Pashto,Female,5/17/2023,5267
231,32-2343381,Ginny,Brickhill,gbrickhill6e@icq.com,Macedonian,Female,8/25/2023,9809
232,48-2455713,Odie,Beadel,obeadel6f@sun.com,Georgian,Male,7/7/2023,2890
233,57-8582236,Amil,Woodroof,awoodroof6g@cdc.gov,Tajik,Female,9/5/2023,18093
234,82-1366174,Sharla,Sheirlaw,ssheirlaw6h@state.tx.us,Haitian Creole,Female,1/5/2023,38233
235,34-8266579,Chrystel,Braunter,cbraunter6i@lycos.com,Italian,Female,5/5/2023,24673
236,54-1004355,Faythe,Hebard,fhebard6j@adobe.com,Catalan,Female,6/7/2023,4188
237,03-4308906,Egan,Pavek,epavek6k@shareasale.com,Marathi,Male,1/28/2024,27998
238,88-0334740,Ivette,Girardoni,igirardoni6l@github.io,Sotho,Female,3/29/2023,17711
239,01-2715349,Bethanne,Stut,bstut6m@newyorker.com,Azeri,Female,1/14/2023,21598
240,33-3295222,Cullie,Pantin,cpantin6n@usatoday.com,Bislama,Male,12/29/2023,18567
241,42-9429561,Olive,Dowley,odowley6o@live.com,German,Female,1/27/2024,43526
242,36-7196575,Ashil,Giacomo,agiacomo6p@psu.edu,Catalan,Agender,9/30/2023,42919
243,70-2654815,Tris,Ferrarese,tferrarese6q@cbc.ca,Lao,Male,2/25/2023,43921
244,79-1626014,Ximenes,Reggiani,xreggiani6r@paginegialle.it,Yiddish,Male,1/2/2023,33965
245,65-8713161,Lauri,Wolfenden,lwolfenden6s@clickbank.net,Māori,Female,2/19/2023,26938
246,18-4803710,Kamillah,Maton,kmaton6t@netscape.com,Catalan,Female,2/27/2023,28754
247,66-6731384,Ray,Becerra,rbecerra6u@123-reg.co.uk,Swati,Female,9/27/2023,42471
248,05-9297633,Emmalee,Balkwill,ebalkwill6v@unicef.org,Polish,Female,8/23/2023,23893
249,61-3650037,Daffi,MacDermid,dmacdermid6w@cafepress.com,Dzongkha,Female,10/24/2023,19506
250,37-5635530,Tressa,Stayt,tstayt6x@nymag.com,Swati,Bigender,2/8/2023,19910
251,19-2321548,Zollie,Zellmer,zzellmer6y@typepad.com,Polish,Male,12/5/2023,14543
252,18-8731798,Sorcha,Reddings,sreddings6z@infoseek.co.jp,Gagauz,Female,9/23/2023,17137
253,40-0678970,Ly,Zanettini,lzanettini70@ocn.ne.jp,Sotho,Male,3/22/2023,41254
254,31-5925404,Lock,Carbine,lcarbine71@google.com.hk,Japanese,Male,2/12/2024,43843
255,38-6379164,Jecho,Demann,jdemann72@yellowbook.com,Romanian,Male,6/23/2023,41152
256,15-7754484,Gris,Scougal,gscougal73@shop-pro.jp,Filipino,Non-binary,10/16/2023,6728
257,50-3422919,Conan,Rosterne,crosterne74@blinklist.com,Korean,Male,10/9/2023,1448
258,39-2243473,Abbey,Showell,ashowell75@phoca.cz,Dari,Male,3/4/2024,43995
259,05-8730436,Stewart,Crain,scrain76@sciencedirect.com,Dutch,Male,10/9/2023,17825
260,93-4283925,Zebulen,Archbold,zarchbold77@economist.com,Ndebele,Male,5/21/2023,43479
261,82-1341693,Ferdinanda,Duddridge,fduddridge78@webmd.com,Māori,Genderqueer,3/2/2023,24520
262,66-4301492,Anderson,McGauhy,amcgauhy79@zdnet.com,Korean,Male,3/26/2023,16611
263,52-2802008,Golda,Sukbhans,gsukbhans7a@indiatimes.com,Bulgarian,Female,6/2/2023,21220
264,01-3941230,Eustacia,Kolak,ekolak7b@cam.ac.uk,Lithuanian,Female,10/9/2023,42795
265,37-4101575,Lark,Madgwick,lmadgwick7c@newyorker.com,Croatian,Female,11/27/2023,10027
266,15-0396232,Shermy,Tomich,stomich7d@fda.gov,Hindi,Polygender,2/27/2024,28192
267,50-7656929,Fabian,Keasy,fkeasy7e@technorati.com,Tetum,Male,9/13/2023,11232
268,86-1804458,Linell,Heigho,lheigho7f@wikimedia.org,Swedish,Female,4/22/2023,21412
269,78-9166458,Janos,Deschelle,jdeschelle7g@soup.io,Greek,Male,5/3/2023,14456
270,37-6077317,Sasha,Unthank,sunthank7h@taobao.com,French,Genderfluid,7/1/2023,2254
271,12-0857246,Darnell,Lyddon,dlyddon7i@com.com,Czech,Male,2/28/2023,35970
272,40-0315644,Dee,Mc Gee,dmcgee7j@netvibes.com,Albanian,Female,11/7/2023,11798
273,27-1239087,Angelita,Goldster,agoldster7k@nsw.gov.au,Persian,Female,2/14/2023,21148
274,08-4862960,Wayne,Kinsley,wkinsley7l@godaddy.com,Zulu,Male,8/6/2023,27770
275,97-7728581,Abbie,Blackesland,ablackesland7m@marketwatch.com,Aymara,Female,6/3/2023,45031
276,01-7606493,Tobi,Battams,tbattams7n@multiply.com,Northern Sotho,Female,9/29/2023,28415
277,67-1957316,Reiko,Thurstan,rthurstan7o@xrea.com,Fijian,Female,10/24/2023,19679
278,10-7922982,Hildagarde,Sikorski,hsikorski7p@slate.com,Filipino,Female,6/11/2023,2951
279,15-8140448,Drucie,Vousden,dvousden7q@tuttocitta.it,Nepali,Female,5/6/2023,44631
280,71-3015416,Patricio,Venton,pventon7r@ca.gov,Malagasy,Male,11/13/2023,43736
281,09-1986399,Idelle,Mouse,imouse7s@amazon.co.jp,West Frisian,Female,3/15/2023,31654
282,29-6850425,Giles,Bonallack,gbonallack7t@engadget.com,Khmer,Male,1/10/2023,24711
283,54-4618776,Nita,Ferreras,nferreras7u@free.fr,Kazakh,Female,6/3/2023,21120
284,58-2115127,Constantine,Yurukhin,cyurukhin7v@sakura.ne.jp,Spanish,Male,2/23/2023,19711
285,51-4575763,Bernardo,Dawby,bdawby7w@php.net,Malay,Male,4/12/2023,29886
286,45-0082038,Stoddard,Sartain,ssartain7x@nytimes.com,Polish,Genderfluid,7/27/2023,33379
287,88-2279487,Rorke,Brotherwood,rbrotherwood7y@smugmug.com,Assamese,Male,1/21/2023,12854
288,47-3220878,Wainwright,Gingedale,wgingedale7z@tumblr.com,Malayalam,Male,3/18/2023,17471
289,70-4829783,Shepperd,Mutter,smutter80@feedburner.com,Macedonian,Male,9/6/2023,8497
290,60-1813595,Valencia,Gotter,vgotter81@cdbaby.com,Indonesian,Female,6/5/2023,13193
291,07-4156334,Kingsley,Gradon,kgradon82@weibo.com,Burmese,Male,2/13/2024,23862
292,51-3266685,Meara,Pead,mpead83@cbc.ca,Hebrew,Female,12/30/2023,35850
293,75-5980902,Paulo,Poll,ppoll84@tiny.cc,Maltese,Male,10/8/2023,23031
294,65-7967363,Dwight,Dumbrell,ddumbrell85@sbwire.com,Somali,Agender,12/26/2023,41788
295,55-1088114,Babs,Roeby,broeby86@opensource.org,English,Female,3/3/2023,3231
296,32-0809923,Frederico,Osbourn,fosbourn87@vkontakte.ru,Bislama,Bigender,9/9/2023,17011
297,01-5839456,Bobinette,Consterdine,bconsterdine88@census.gov,Swedish,Female,11/14/2023,43891
298,31-5491128,Ansel,Alliot,aalliot89@time.com,Azeri,Male,5/19/2023,27701
299,45-6200905,Christiane,Enser,censer8a@msn.com,Chinese,Female,11/27/2023,37314
300,64-9709756,Nancee,Jiras,njiras8b@fc2.com,Hiri Motu,Female,2/3/2024,20714
301,15-0336477,Ingrim,Crosthwaite,icrosthwaite8c@ning.com,Spanish,Male,3/16/2023,19473
302,66-0145222,Chicky,Culcheth,cculcheth8d@mashable.com,Ndebele,Genderfluid,4/27/2023,41692
303,98-2523598,Brooke,Lailey,blailey8e@jalbum.net,Polish,Female,1/6/2024,13672
304,71-1465114,Jarrad,Early,jearly8f@google.ru,Ndebele,Male,10/4/2023,7794
305,23-0817737,Orbadiah,Aitkin,oaitkin8g@eepurl.com,Mongolian,Male,9/2/2023,2483
306,54-1977905,Gerda,Sprules,gsprules8h@dagondesign.com,Lao,Female,2/1/2023,20269
307,23-2234211,Mackenzie,Strettle,mstrettle8i@live.com,Polish,Male,9/11/2023,28953
308,40-9043853,Henrietta,Summerbell,hsummerbell8j@whitehouse.gov,Azeri,Female,3/17/2023,37985
309,08-2075026,Diandra,Haruard,dharuard8k@pcworld.com,Bengali,Female,1/19/2023,20445
310,04-9857129,Zacharias,McCaster,zmccaster8l@goo.ne.jp,Bengali,Male,11/20/2023,28872
311,35-7301611,Benedick,Wise,bwise8m@imdb.com,Bosnian,Male,12/19/2023,29072
312,48-1536530,Ryon,Voas,rvoas8n@usda.gov,Dutch,Male,6/30/2023,38966
313,59-2769975,Parker,Moules,pmoules8o@upenn.edu,Haitian Creole,Male,5/10/2023,38283
314,76-0138627,Carolina,Waddup,cwaddup8p@homestead.com,Somali,Polygender,5/2/2023,25572
315,05-6515163,Trueman,Aphale,taphale8q@cbsnews.com,Luxembourgish,Male,7/22/2023,34396
316,94-6623629,Elayne,Tout,etout8r@bing.com,Ndebele,Female,12/23/2023,35467
317,53-9962459,Renard,McKeaveney,rmckeaveney8s@google.com.hk,Danish,Male,4/5/2023,2722
318,73-5873614,Ignacio,Brockbank,ibrockbank8t@illinois.edu,Māori,Male,2/13/2023,3646
319,52-8682281,Heindrick,Feltham,hfeltham8u@opera.com,Latvian,Male,6/22/2023,38619
320,58-5023996,Masha,Peterson,mpeterson8v@upenn.edu,Indonesian,Female,8/1/2023,38109
321,56-4943904,Romonda,Chaize,rchaize8w@gmpg.org,Macedonian,Female,6/15/2023,41407
322,18-5267835,Berrie,Schruyer,bschruyer8x@boston.com,Dzongkha,Female,6/6/2023,9739
323,53-0608920,Babara,Thwaite,bthwaite8y@webeden.co.uk,Persian,Female,6/12/2023,43590
324,95-4556088,Cordie,Meaden,cmeaden8z@umich.edu,Georgian,Female,11/9/2023,22996
325,18-1571696,Brennan,Ashe,bashe90@rakuten.co.jp,Dzongkha,Male,2/8/2024,31776
326,47-3324257,Blakeley,Rozec,brozec91@army.mil,Persian,Female,11/8/2023,41032
327,38-2528964,Lucio,Slowgrave,lslowgrave92@globo.com,West Frisian,Male,5/14/2023,25544
328,96-0778965,Caresse,Cryer,ccryer93@nasa.gov,Gagauz,Female,3/13/2024,10485
329,98-7500710,Karmen,Gass,kgass94@wordpress.com,Ndebele,Female,12/6/2023,37672
330,19-9857842,Arleta,Petrichat,apetrichat95@ucsd.edu,Belarusian,Female,1/16/2023,6282
331,68-5970374,Wilbert,Windows,wwindows96@ehow.com,Bosnian,Male,2/8/2024,4885
332,19-2062418,Cornelius,Bromehead,cbromehead97@live.com,Dzongkha,Male,11/7/2023,19197
333,99-4751925,Huntington,Walles,hwalles98@cdc.gov,French,Male,2/21/2023,13717
334,31-1078417,Igor,McPheat,imcpheat99@dot.gov,Gujarati,Male,8/18/2023,17510
335,42-9498031,Tadio,Cray,tcray9a@archive.org,Kyrgyz,Male,6/26/2023,33721
336,14-7315555,Paolina,Thow,pthow9b@google.com.hk,Azeri,Female,11/26/2023,1732
337,11-5954630,Ester,Rumford,erumford9c@rambler.ru,Quechua,Female,12/8/2023,37026
338,15-4499994,Roxi,Brugmann,rbrugmann9d@php.net,Hiri Motu,Female,3/2/2024,38927
339,70-0749851,Hubey,Pitrelli,hpitrelli9e@oaic.gov.au,Danish,Male,11/10/2023,40583
340,21-3396940,Ermanno,Lerigo,elerigo9f@so-net.ne.jp,Romanian,Male,1/26/2024,38389
341,19-6434379,Kelwin,Akeherst,kakeherst9g@eepurl.com,Arabic,Male,8/8/2023,35417
342,59-2303616,Jordon,Linzee,jlinzee9h@cdc.gov,Portuguese,Male,3/12/2023,43435
343,46-2972040,Charo,McGuane,cmcguane9i@ed.gov,Dari,Female,1/15/2023,37939
344,86-6262180,Eadith,Bohling,ebohling9j@blinklist.com,Kurdish,Female,1/7/2023,39165
345,55-1931347,Gisele,Huot,ghuot9k@yellowbook.com,Dutch,Non-binary,3/4/2023,23524
346,10-7051805,Lexy,Johann,ljohann9l@jiathis.com,Italian,Female,3/4/2023,8559
347,26-7869531,Hilarius,Tandy,htandy9m@oakley.com,Papiamento,Male,1/14/2023,24265
348,85-3990442,Lesley,Fulcher,lfulcher9n@ning.com,Lao,Female,7/2/2023,37947
349,14-2517082,Ethelda,Breckell,ebreckell9o@360.cn,Filipino,Female,6/15/2023,14690
350,86-3216717,Josefa,McDonagh,jmcdonagh9p@vinaora.com,Swahili,Female,4/7/2023,30710
351,17-1077999,Davidde,Pickersail,dpickersail9q@dyndns.org,Tsonga,Male,10/5/2023,7240
352,06-5986432,Desmond,Alliberton,dalliberton9r@amazon.de,Bosnian,Male,10/20/2023,37661
353,56-6159348,Tobiah,Caller,tcaller9s@cnn.com,Afrikaans,Male,4/4/2023,14143
354,38-2355812,Walker,Shemming,wshemming9t@dot.gov,Kurdish,Male,5/12/2023,5388
355,94-9286411,Akim,Ollerenshaw,aollerenshaw9u@icio.us,Mongolian,Male,6/27/2023,8793
356,92-1241729,Ali,Bartolomieu,abartolomieu9v@nps.gov,Croatian,Polygender,5/4/2023,6009
357,46-1566396,Almeria,Slyman,aslyman9w@slashdot.org,Malagasy,Female,8/25/2023,32318
358,38-8527373,Regen,Nixon,rnixon9x@discovery.com,Sotho,Male,2/27/2023,13715
359,49-9911005,Rodrick,Petrulis,rpetrulis9y@cisco.com,Oriya,Male,10/28/2023,16871
360,48-8435738,Avery,O'Corrane,aocorrane9z@ask.com,Maltese,Male,6/19/2023,30646
361,00-0033394,Stephenie,Renshell,srenshella0@liveinternet.ru,Montenegrin,Female,2/5/2024,40502
362,91-0947133,Filia,Pycock,fpycocka1@soup.io,Armenian,Genderqueer,5/1/2023,29177
363,75-0486044,Freeman,Low,flowa2@blogger.com,Filipino,Genderqueer,10/11/2023,39056
364,90-8757132,Zelig,Cirlos,zcirlosa3@yellowbook.com,Dzongkha,Male,3/11/2023,10721
365,52-9652602,Elisha,Goodinge,egoodingea4@nih.gov,Kazakh,Male,3/30/2023,10761
366,82-5458554,Cornie,Crawford,ccrawforda5@is.gd,French,Male,9/13/2023,14948
367,99-3404011,Courtney,Rikkard,crikkarda6@icq.com,Indonesian,Non-binary,3/7/2024,11709
368,51-5852933,Damiano,McIllroy,dmcillroya7@nbcnews.com,Gagauz,Male,2/12/2023,28600
369,80-2045190,Harp,Titley,htitleya8@upenn.edu,Nepali,Male,4/30/2023,19288
370,56-4384923,Aldis,Bent,abenta9@cocolog-nifty.com,Norwegian,Male,2/22/2023,29689
371,69-0832527,Ase,Maha,amahaaa@ow.ly,Belarusian,Male,4/12/2023,41968
372,93-2327588,Eziechiele,Calf,ecalfab@paypal.com,Italian,Male,12/29/2023,9867
373,51-3943322,Libbey,Calverd,lcalverdac@toplist.cz,Hebrew,Agender,6/13/2023,26704
374,20-5278985,Basilius,Bascomb,bbascombad@cpanel.net,Hungarian,Male,4/27/2023,25346
375,27-3150326,Eugenio,Pedel,epedelae@buzzfeed.com,Latvian,Male,3/18/2023,43093
376,32-4269851,Rafe,Gwyn,rgwynaf@ehow.com,Dhivehi,Male,2/2/2024,19708
377,71-6473520,Clarence,Ruberti,crubertiag@123-reg.co.uk,Kazakh,Male,6/10/2023,32001
378,46-1369992,Klarika,Towne,ktowneah@nymag.com,Italian,Female,8/12/2023,16727
379,36-4978645,Gusti,Chisnall,gchisnallai@microsoft.com,Dzongkha,Female,6/25/2023,44861
380,26-8693980,Daisie,Saintpierre,dsaintpierreaj@microsoft.com,Kurdish,Female,5/29/2023,10926
381,05-2108746,Leeland,Stothart,lstothartak@wunderground.com,Lithuanian,Male,3/16/2023,14985
382,46-4385790,Demetris,Coan,dcoanal@hibu.com,Ndebele,Male,5/13/2023,35284
383,26-6097007,Karmen,Bennedick,kbennedickam@webnode.com,Hindi,Female,6/18/2023,39904
384,02-4665314,Ardyce,Pert,apertan@furl.net,Khmer,Female,10/12/2023,7582
385,74-3946537,Cathee,Boorman,cboormanao@toplist.cz,Filipino,Female,9/9/2023,21941
386,87-2420103,Ddene,Le Estut,dleestutap@theatlantic.com,Finnish,Female,12/18/2023,19765
387,86-1765681,Levey,Wilshin,lwilshinaq@reddit.com,Irish Gaelic,Male,7/14/2023,28346
388,53-4659161,Lindy,Soan,lsoanar@privacy.gov.au,Hungarian,Male,4/8/2023,2219
389,29-5671526,Charo,Tourner,ctourneras@4shared.com,Tsonga,Female,9/14/2023,12027
390,08-4166538,Edouard,Manvelle,emanvelleat@businessinsider.com,Icelandic,Male,12/28/2023,20392
391,20-5830939,Thoma,MacNeilage,tmacneilageau@merriam-webster.com,Kurdish,Male,3/25/2023,21105
392,80-7429051,Ray,Chasmor,rchasmorav@prnewswire.com,Bislama,Male,4/10/2023,4085
393,72-8362085,Hattie,Moyler,hmoyleraw@usda.gov,Norwegian,Female,1/18/2023,41790
394,47-4211603,Freeland,Battams,fbattamsax@smugmug.com,Assamese,Male,2/9/2023,17809
395,70-9869588,Karim,Marval,kmarvalay@mac.com,Georgian,Male,10/17/2023,37776
396,99-5598110,Matthaeus,Gerrard,mgerrardaz@wikipedia.org,Bislama,Male,7/13/2023,20773
397,62-1413653,Kincaid,Walles,kwallesb0@godaddy.com,Northern Sotho,Male,4/1/2023,37151
398,07-2530209,Heywood,Impson,himpsonb1@businesswire.com,Danish,Male,5/27/2023,16653
399,57-9080891,Gerek,Hazeley,ghazeleyb2@miibeian.gov.cn,Dzongkha,Polygender,5/23/2023,36300
400,55-7338198,Aleta,Neilly,aneillyb3@infoseek.co.jp,Hungarian,Female,7/18/2023,44370
401,97-7821608,Rene,Scambler,rscamblerb4@istockphoto.com,Catalan,Male,2/10/2023,34275
402,30-8932590,Tiler,Shurville,tshurvilleb5@delicious.com,Spanish,Male,1/26/2024,17052
403,82-9095493,Isabel,Pensom,ipensomb6@amazon.co.jp,Persian,Female,1/9/2023,3217
404,32-9326738,Marve,Praill,mpraillb7@admin.ch,Bulgarian,Male,9/12/2023,32646
405,28-1148045,Hewet,Hellyar,hhellyarb8@tripadvisor.com,Estonian,Male,7/28/2023,38732
406,48-2187879,Nicholas,Losemann,nlosemannb9@howstuffworks.com,Northern Sotho,Male,7/15/2023,26747
407,61-9888861,Harp,Petel,hpetelba@earthlink.net,Tswana,Agender,4/15/2023,26542
408,16-0800355,Harwilll,Dudlestone,hdudlestonebb@fotki.com,Haitian Creole,Male,8/26/2023,7285
409,32-9424420,Leila,Stirgess,lstirgessbc@thetimes.co.uk,Portuguese,Polygender,4/20/2023,37501
410,69-2657823,Callie,Enion,cenionbd@scribd.com,Dzongkha,Female,1/4/2023,19956
411,62-5596792,Chery,Fishbourn,cfishbournbe@about.com,Luxembourgish,Female,12/20/2023,24632
412,05-4874878,Babs,Grunguer,bgrunguerbf@aboutads.info,Malayalam,Female,2/17/2023,29753
413,84-5027974,Alasteir,Moreinis,amoreinisbg@creativecommons.org,Azeri,Male,4/2/2023,23651
414,08-0797371,Keary,Binnion,kbinnionbh@cdc.gov,Dari,Male,2/12/2024,16034
415,41-6561971,Kamilah,Bonnier,kbonnierbi@about.com,Belarusian,Female,12/9/2023,42974
416,19-6920161,Merrily,Astupenas,mastupenasbj@tamu.edu,New Zealand Sign Language,Female,1/31/2024,22952
417,72-1748635,Anselma,Morhall,amorhallbk@about.me,Dhivehi,Genderqueer,1/21/2024,28681
418,02-8760649,Yard,Cundict,ycundictbl@loc.gov,Macedonian,Male,10/23/2023,43613
419,29-5097365,Dall,Souster,dsousterbm@webeden.co.uk,Kazakh,Male,2/20/2024,34215
420,43-0276561,Aubree,Quirk,aquirkbn@yellowbook.com,Lithuanian,Female,3/4/2024,32234
421,52-4772193,Aleece,Bellis,abellisbo@360.cn,Danish,Female,7/31/2023,8665
422,24-4354502,Mohandis,Muslim,mmuslimbp@merriam-webster.com,Dari,Male,11/2/2023,16649
423,05-6160492,Melva,Morgan,mmorganbq@bandcamp.com,Guaraní,Female,8/8/2023,28940
424,59-9825745,Mannie,Gusticke,mgustickebr@skyrock.com,Irish Gaelic,Male,1/8/2024,27384
425,93-4945055,Kacey,Holbarrow,kholbarrowbs@furl.net,Telugu,Female,5/8/2023,13661
426,11-1101934,Lek,Albone,lalbonebt@washingtonpost.com,Lao,Male,9/12/2023,8929
427,03-2853277,Kyle,Mattusevich,kmattusevichbu@mtv.com,Tsonga,Female,1/19/2024,45189
428,34-2045116,Claiborn,Savine,csavinebv@globo.com,Maltese,Genderfluid,7/21/2023,25934
429,92-5478418,Sigismundo,Dimmick,sdimmickbw@exblog.jp,Yiddish,Male,4/19/2023,10915
430,18-8385396,Cheston,Luthwood,cluthwoodbx@unesco.org,Gujarati,Male,1/7/2023,18193
431,44-5181115,Teddie,Ulyatt,tulyattby@blinklist.com,Hindi,Female,8/8/2023,26428
432,84-0892003,Rubetta,Little,rlittlebz@php.net,Afrikaans,Female,2/29/2024,37932
433,50-4376221,Leonard,Kirwood,lkirwoodc0@odnoklassniki.ru,Azeri,Male,7/16/2023,7036
434,86-1258622,Ingar,Chesshyre,ichesshyrec1@stumbleupon.com,Romanian,Male,10/19/2023,42843
435,74-4800060,Wittie,Killeen,wkilleenc2@mail.ru,Yiddish,Male,2/3/2024,23322
436,90-5358732,Maurene,Ebbles,mebblesc3@google.ca,Oriya,Female,7/17/2023,17084
437,86-1786214,Hana,Brannon,hbrannonc4@cdc.gov,Korean,Female,9/21/2023,33304
438,09-2607787,Cale,Moralas,cmoralasc5@time.com,Norwegian,Male,9/26/2023,38739
439,64-4135061,Robby,Slocket,rslocketc6@ucsd.edu,Quechua,Female,9/18/2023,17617
440,55-6390589,Abbott,Worthing,aworthingc7@google.co.uk,Guaraní,Male,1/17/2024,17511
441,67-9845425,Ruddie,Delhanty,rdelhantyc8@mysql.com,Finnish,Male,1/25/2023,21969
442,01-1102084,Tracey,Bussens,tbussensc9@technorati.com,Irish Gaelic,Male,2/5/2023,11225
443,73-1257759,Betteann,O'Hartigan,bohartiganca@privacy.gov.au,Aymara,Female,9/12/2023,3220
444,70-7949845,Elfrida,MacKinnon,emackinnoncb@behance.net,German,Female,7/16/2023,40148
445,90-2520917,Maryl,Icke,mickecc@lulu.com,Hindi,Female,2/15/2024,41699
446,09-6928862,Charlena,Woodburne,cwoodburnecd@sbwire.com,Croatian,Genderqueer,1/17/2024,4873
447,69-8429082,Jessee,Wigsell,jwigsellce@friendfeed.com,Northern Sotho,Male,11/5/2023,31197
448,35-3728227,Virge,Foad,vfoadcf@istockphoto.com,Swati,Male,6/9/2023,37412
449,23-8994467,Donavon,Wibberley,dwibberleycg@miibeian.gov.cn,Bosnian,Male,7/1/2023,7755
450,25-7897483,Wake,Rohmer,wrohmerch@last.fm,Tamil,Male,1/24/2024,36485
451,95-6407856,Farra,Colleer,fcolleerci@nih.gov,Dari,Female,5/28/2023,29337
452,67-2412849,Ricky,Duffett,rduffettcj@gravatar.com,Albanian,Female,1/10/2024,21997
453,66-8731794,Elvis,Bugge,ebuggeck@cornell.edu,Japanese,Male,12/25/2023,36524
454,52-8272019,Sheilakathryn,Huller,shullercl@sakura.ne.jp,Afrikaans,Female,6/28/2023,6956
455,63-5694258,Jocelyn,Cushe,jcushecm@hud.gov,Khmer,Female,12/2/2023,34515
456,53-4614067,Deeanne,Montford,dmontfordcn@princeton.edu,Dhivehi,Female,12/13/2023,31060
457,48-6854995,Jobyna,Joiris,jjoirisco@elpais.com,Bengali,Bigender,9/28/2023,12586
458,14-0427669,Burk,McBlain,bmcblaincp@intel.com,Azeri,Male,1/9/2023,28928
459,75-7912647,Gerek,Budibent,gbudibentcq@fema.gov,Lithuanian,Male,11/2/2023,21762
460,61-9156590,Kylie,Leftly,kleftlycr@wikipedia.org,Indonesian,Female,7/7/2023,22404
461,34-9379082,Ulrich,Pridgeon,upridgeoncs@alibaba.com,Nepali,Male,12/18/2023,30971
462,40-5473529,Josi,Van der Mark,jvandermarkct@intel.com,Polish,Female,2/27/2023,4576
463,20-6199401,Jarad,Duthie,jduthiecu@mozilla.org,Kyrgyz,Male,8/12/2023,35613
464,00-0113539,Hashim,Pearlman,hpearlmancv@nature.com,Fijian,Male,10/27/2023,25929
465,85-0402567,Reuven,Feige,rfeigecw@addtoany.com,Luxembourgish,Genderqueer,10/16/2023,15778
466,12-6737680,Emelita,Crosen,ecrosencx@mapy.cz,Hiri Motu,Female,11/22/2023,13911
467,65-2631584,Alwin,Storrock,astorrockcy@mysql.com,Danish,Male,4/15/2023,35794
468,27-2060171,Cyrillus,Wetwood,cwetwoodcz@google.fr,Indonesian,Male,12/7/2023,12112
469,66-3451691,Dolli,Dreghorn,ddreghornd0@flickr.com,Punjabi,Female,3/22/2023,28843
470,19-7529732,Inness,Rutter,irutterd1@imdb.com,Armenian,Male,1/9/2023,2850
471,53-9413339,Fin,Laborda,flabordad2@jimdo.com,Greek,Male,6/29/2023,13358
472,68-1476076,Terry,Arnaudet,tarnaudetd3@mit.edu,Mongolian,Female,8/3/2023,13092
473,84-3129478,Gerald,Pancast,gpancastd4@craigslist.org,Kannada,Male,5/8/2023,25466
474,83-2222252,Nelli,Varsey,nvarseyd5@comsenz.com,Swahili,Female,1/2/2024,34875
475,56-8519855,Raina,Barmby,rbarmbyd6@go.com,Lao,Female,3/7/2024,8787
476,85-8011416,Kiel,Ollier,kollierd7@abc.net.au,Kashmiri,Male,3/22/2023,28235
477,32-8172174,Sinclair,Chominski,schominskid8@canalblog.com,Amharic,Male,3/21/2023,31962
478,68-2210403,Rhodie,MacMearty,rmacmeartyd9@jimdo.com,Tsonga,Female,1/21/2023,43121
479,94-4804300,Grange,Goady,ggoadyda@epa.gov,Tetum,Male,12/19/2023,17625
480,31-1973711,Wilek,Widger,wwidgerdb@smugmug.com,Assamese,Male,2/6/2024,29465
481,20-1094079,Michaeline,Roseburgh,mroseburghdc@admin.ch,Dhivehi,Female,12/1/2023,23456
482,00-2155344,Rickey,Quernel,rquerneldd@miitbeian.gov.cn,Tswana,Male,11/22/2023,40173
483,10-4913041,Rhona,Klee,rkleede@domainmarket.com,Latvian,Female,4/18/2023,19967
484,50-7766597,Ellary,Mauchlen,emauchlendf@epa.gov,Thai,Male,4/9/2023,22681
485,29-8972344,Darcey,Linnit,dlinnitdg@oakley.com,Filipino,Female,1/4/2023,25802
486,79-5208868,Gnni,Sherston,gsherstondh@theglobeandmail.com,Guaraní,Female,2/15/2023,25684
487,19-0557544,Cosme,Suttill,csuttilldi@prnewswire.com,Kazakh,Male,8/25/2023,876
488,46-7027861,Sargent,Colvine,scolvinedj@reverbnation.com,Khmer,Male,3/3/2024,9784
489,07-8727679,Gabrila,Pavlitschek,gpavlitschekdk@tripadvisor.com,Tamil,Female,4/2/2023,15982
490,02-9528376,Jenifer,Nosworthy,jnosworthydl@msu.edu,Spanish,Female,2/6/2023,42028
491,35-0643163,Ethe,Bygreaves,ebygreavesdm@infoseek.co.jp,Dzongkha,Male,9/2/2023,13117
492,21-3039656,Joachim,Ephson,jephsondn@nytimes.com,Aymara,Male,2/21/2023,36010
493,95-5038201,Gleda,Reschke,greschkedo@timesonline.co.uk,Korean,Genderqueer,3/17/2023,38569
494,22-1932926,Caz,Ellul,celluldp@cargocollective.com,Guaraní,Male,2/27/2024,23474
495,92-4694992,Shermie,Marjanovic,smarjanovicdq@weebly.com,Japanese,Male,1/7/2024,42081
496,72-4418061,Ludwig,Canniffe,lcanniffedr@live.com,Latvian,Male,3/15/2023,10142
497,19-8904235,Abby,Jesteco,ajestecods@ebay.co.uk,Punjabi,Female,3/10/2024,23646
498,41-5132362,Kordula,Kynoch,kkynochdt@163.com,Hiri Motu,Female,4/9/2023,2003
499,86-9123115,Kingsley,Ebbett,kebbettdu@youtu.be,Khmer,Male,7/23/2023,18606
500,72-5908037,Dyann,Grinyer,dgrinyerdv@icq.com,Korean,Female,7/28/2023,17571
501,82-7388374,Gav,Hassur,ghassurdw@opera.com,Ndebele,Male,1/13/2024,28729
502,97-2857049,Damara,Pelzer,dpelzerdx@multiply.com,Montenegrin,Female,2/28/2023,27786
503,74-2024275,Becca,Whyke,bwhykedy@friendfeed.com,Māori,Female,3/26/2023,3114
504,14-4781484,Krispin,Crambie,kcrambiedz@forbes.com,Norwegian,Male,1/4/2023,8125
505,49-4341928,Laural,Riccio,lriccioe0@whitehouse.gov,Haitian Creole,Female,12/1/2023,35043
506,96-7008779,Rickie,Gittings,rgittingse1@dmoz.org,Dhivehi,Male,6/14/2023,28505
507,05-7121755,Kirby,Cuskery,kcuskerye2@techcrunch.com,Luxembourgish,Male,1/12/2024,17423
508,72-2189387,Vasily,Tarbard,vtarbarde3@dropbox.com,Bosnian,Male,3/20/2023,26069
509,36-1621219,Elena,Firminger,efirmingere4@skyrock.com,Tok Pisin,Female,6/29/2023,8707
510,04-9904049,Dario,Mehmet,dmehmete5@weather.com,Moldovan,Male,3/28/2023,28013
511,00-1385343,Vanny,Drescher,vdreschere6@so-net.ne.jp,Tok Pisin,Female,7/10/2023,19777
512,42-3087384,Merlina,Scraney,mscraneye7@barnesandnoble.com,Nepali,Bigender,5/6/2023,7622
513,59-8201355,Reilly,Flook,rflooke8@bandcamp.com,Polish,Male,1/30/2023,24629
514,24-1102683,Wells,Coopper,wcooppere9@rambler.ru,Czech,Male,6/25/2023,38255
515,12-8440091,Monika,Storrock,mstorrockea@cocolog-nifty.com,Oriya,Female,6/20/2023,3827
516,56-0424894,Caryn,Danher,cdanhereb@sciencedirect.com,Moldovan,Female,10/12/2023,41628
517,16-3419008,Zandra,Yakunkin,zyakunkinec@printfriendly.com,Romanian,Female,3/15/2023,40571
518,73-7830353,Celinda,Christauffour,cchristauffoured@cisco.com,Māori,Female,1/23/2024,43456
519,93-4644600,Kissee,Malatalant,kmalatalantee@usa.gov,Maltese,Female,1/8/2024,9293
520,25-4609133,Olivier,Halt,ohaltef@usda.gov,Moldovan,Male,4/25/2023,17748
521,29-1364128,Artus,Alderson,aaldersoneg@woothemes.com,Khmer,Male,10/4/2023,15096
522,36-9989392,Petrina,Rickertsen,prickertseneh@cnn.com,Greek,Female,6/3/2023,29047
523,47-4433191,Abby,Hunday,ahundayei@wiley.com,Italian,Male,9/12/2023,44157
524,38-1339816,Willy,Vost,wvostej@gmpg.org,Thai,Female,8/3/2023,35313
525,99-6293470,Alica,Pidduck,apidduckek@elpais.com,Tok Pisin,Female,1/9/2024,18157
526,44-8478355,Ivy,Longega,ilongegael@acquirethisname.com,Northern Sotho,Female,4/18/2023,3171
527,64-0417119,Morlee,Grisbrook,mgrisbrookem@flickr.com,Oriya,Male,5/6/2023,21649
528,33-0513996,Berri,Bazelle,bbazelleen@vinaora.com,Northern Sotho,Female,9/14/2023,11231
529,36-4970627,Robinia,Alderton,raldertoneo@pagesperso-orange.fr,Gagauz,Female,10/24/2023,583
530,23-8678925,Birgit,Yearron,byearronep@tinyurl.com,German,Female,8/10/2023,15819
531,01-4782640,Currey,Yelyashev,cyelyasheveq@mayoclinic.com,Dzongkha,Male,4/18/2023,40528
532,56-0902578,Miof mela,Dundredge,mdundredgeer@xing.com,Swahili,Female,11/27/2023,8019
533,79-8137145,Nickey,Naismith,nnaismithes@google.com.br,German,Male,10/22/2023,14369
534,81-3718630,Kimmie,Disney,kdisneyet@studiopress.com,Catalan,Female,4/17/2023,23502
535,89-1684041,Loria,Adamsky,ladamskyeu@wikimedia.org,Māori,Female,7/25/2023,11908
536,32-1411148,Teodorico,Chippindale,tchippindaleev@quantcast.com,Oriya,Male,1/13/2023,26931
537,19-7259908,Ade,Gain,againew@parallels.com,Swati,Male,1/8/2024,6993
538,49-0592206,Christoph,Vaadeland,cvaadelandex@aol.com,Quechua,Male,2/13/2023,7477
539,35-1382485,Janeva,Van Der Walt,jvanderwaltey@comcast.net,Armenian,Female,3/27/2023,15426
540,72-5440546,Jimmy,O'Duane,joduaneez@opensource.org,Malagasy,Male,2/6/2023,19409
541,43-6880972,Cyndi,Stichall,cstichallf0@furl.net,Kyrgyz,Female,4/11/2023,6982
542,59-1085286,Gottfried,Tingey,gtingeyf1@list-manage.com,Punjabi,Male,4/30/2023,9975
543,94-9276071,Augie,Oaks,aoaksf2@google.it,Greek,Male,9/11/2023,33563
544,81-2129222,Daisie,Legh,dleghf3@is.gd,Persian,Female,1/10/2024,40456
545,16-8565390,Biron,Blazey,bblazeyf4@typepad.com,Ndebele,Male,5/5/2023,35642
546,48-4009608,Alice,Bottelstone,abottelstonef5@uiuc.edu,German,Female,3/15/2023,1908
547,65-8726656,Humfrey,Towndrow,htowndrowf6@toplist.cz,Hebrew,Male,2/8/2023,3596
548,24-8932482,Kevina,Berger,kbergerf7@nps.gov,Lao,Female,10/1/2023,23569
549,91-9906128,Parke,Lujan,plujanf8@goo.ne.jp,Aymara,Male,9/27/2023,22303
550,46-0692556,Levey,Thewlis,lthewlisf9@walmart.com,Aymara,Male,2/19/2023,18648
551,89-7361459,Chane,Piris,cpirisfa@auda.org.au,Belarusian,Male,8/16/2023,45521
552,92-3146161,Brook,Bleeze,bbleezefb@cisco.com,Romanian,Female,2/13/2024,24544
553,23-8827962,Cassy,Snoxall,csnoxallfc@mit.edu,French,Female,12/31/2023,11677
554,68-0832004,Amelia,Smalls,asmallsfd@princeton.edu,Gujarati,Female,1/30/2023,45293
555,74-3422543,Antoine,Spleving,asplevingfe@twitpic.com,Marathi,Male,4/26/2023,25040
556,63-2123978,Raviv,Askin,raskinff@freewebs.com,Azeri,Male,5/23/2023,11151
557,34-1226743,Lorry,McDade,lmcdadefg@yandex.ru,Bengali,Male,11/15/2023,42346
558,68-8382091,Cam,Middle,cmiddlefh@nature.com,Hebrew,Female,3/8/2023,35012
559,79-1419984,Ozzy,Isacsson,oisacssonfi@sphinn.com,Irish Gaelic,Male,12/20/2023,13437
560,61-0236042,Vi,Gillino,vgillinofj@jimdo.com,Kurdish,Female,11/23/2023,19021
561,45-1184923,Bryn,Piatek,bpiatekfk@bloglines.com,New Zealand Sign Language,Male,3/24/2023,28336
562,17-8341147,Cherianne,Skeggs,cskeggsfl@yellowpages.com,Tok Pisin,Female,2/7/2023,5625
563,03-9622561,Dona,Behnke,dbehnkefm@t-online.de,Telugu,Female,7/31/2023,17120
564,20-5538496,Kore,MacCheyne,kmaccheynefn@yellowpages.com,Indonesian,Female,12/24/2023,1670
565,04-6902817,Cosimo,Makiver,cmakiverfo@google.com.hk,Sotho,Male,5/8/2023,12551
566,59-3503577,Suellen,Terzo,sterzofp@independent.co.uk,Kyrgyz,Female,10/22/2023,11060
567,46-2726330,Briano,Impy,bimpyfq@bizjournals.com,Fijian,Male,10/15/2023,32704
568,71-4483560,Lyon,Queste,lquestefr@youtu.be,Moldovan,Agender,10/1/2023,27538
569,22-1207170,Salmon,Milby,smilbyfs@tumblr.com,Māori,Male,11/26/2023,32782
570,49-0534698,Josey,Shelford,jshelfordft@instagram.com,Swati,Female,2/23/2023,6151
571,26-7669075,Baily,Betteriss,bbetterissfu@earthlink.net,Hungarian,Male,7/13/2023,2288
572,51-7146764,Jennette,Lindenstrauss,jlindenstraussfv@yellowpages.com,Afrikaans,Female,9/6/2023,4979
573,96-1831865,Uta,Pavluk,upavlukfw@dagondesign.com,Assamese,Female,8/10/2023,30220
574,87-5578069,Fawn,Ripsher,fripsherfx@ocn.ne.jp,Nepali,Female,9/4/2023,44174
575,51-2846482,Ashil,Glewe,aglewefy@unesco.org,Portuguese,Agender,1/17/2024,2802
576,86-8837079,Emmye,Sivyer,esivyerfz@furl.net,Hiri Motu,Female,11/12/2023,25360
577,06-4686014,Clerkclaude,Karpushkin,ckarpushking0@wufoo.com,Kashmiri,Genderfluid,8/1/2023,4268
578,09-1702108,Dayna,Van der Hoven,dvanderhoveng1@1688.com,English,Agender,9/10/2023,11967
579,32-8441681,Amye,McGrath,amcgrathg2@aol.com,Dutch,Female,3/2/2023,15545
580,51-9241573,Remus,Tickle,rtickleg3@merriam-webster.com,Hindi,Genderqueer,12/14/2023,22604
581,05-4862486,Yance,Bartosinski,ybartosinskig4@hp.com,Ndebele,Male,11/13/2023,38226
582,71-9723513,Chelsie,Sorsbie,csorsbieg5@acquirethisname.com,French,Female,8/16/2023,17364
583,93-7436991,Anderea,Jerrard,ajerrardg6@apache.org,Czech,Female,2/28/2023,37349
584,98-4257050,Carmon,Lamborne,clamborneg7@baidu.com,Dzongkha,Female,5/30/2023,11954
585,63-0322702,Courtenay,Goodband,cgoodbandg8@ed.gov,Oriya,Female,2/17/2024,30023
586,18-1182096,Georas,Ealden,gealdeng9@reference.com,German,Male,11/29/2023,28678
587,01-7175524,Jo ann,Forlonge,jforlongega@sourceforge.net,Zulu,Female,1/18/2024,546
588,35-3137074,Delmore,Litzmann,dlitzmanngb@unc.edu,Burmese,Male,10/11/2023,44019
589,09-5076860,Arnaldo,Rodgerson,arodgersongc@nyu.edu,Tamil,Male,3/12/2023,8980
590,31-9268270,Marsiella,Spurrior,mspurriorgd@posterous.com,Telugu,Female,2/24/2023,8376
591,10-1391691,Eduardo,MacVay,emacvayge@dell.com,Lao,Male,2/16/2024,8589
592,23-8544164,Andree,Aloigi,aaloigigf@jimdo.com,Danish,Female,10/30/2023,44429
593,10-9114860,Debby,Castellone,dcastellonegg@cocolog-nifty.com,Georgian,Female,11/4/2023,28619
594,71-5312729,Giovanna,Binford,gbinfordgh@china.com.cn,Kazakh,Female,2/24/2024,23133
595,40-0774311,Dania,McCrostie,dmccrostiegi@deliciousdays.com,New Zealand Sign Language,Female,12/18/2023,36759
596,48-5496683,Tracy,Harsant,tharsantgj@bizjournals.com,Kazakh,Male,3/15/2023,42320
597,33-9266444,Trstram,Canete,tcanetegk@infoseek.co.jp,Tswana,Male,12/20/2023,38052
598,65-8854652,Jake,Winsiowiecki,jwinsiowieckigl@theguardian.com,Kashmiri,Male,7/19/2023,9939
599,08-2409956,Alleyn,Armatage,aarmatagegm@arstechnica.com,Italian,Male,2/13/2023,22567
600,02-2241982,Gilligan,Cornwell,gcornwellgn@japanpost.jp,Bosnian,Female,7/24/2023,31657
601,55-0418373,Bard,Tiuit,btiuitgo@t.co,Italian,Male,12/18/2023,11569
602,94-1114847,Dianemarie,Tennock,dtennockgp@flavors.me,Quechua,Female,8/11/2023,18153
603,03-0133823,Jesus,Mynett,jmynettgq@free.fr,Latvian,Male,7/16/2023,4701
604,44-8139067,Jaimie,Curnucke,jcurnuckegr@rediff.com,Dutch,Female,6/13/2023,650
605,20-6167513,Robinet,Solesbury,rsolesburygs@uol.com.br,Maltese,Agender,4/23/2023,33285
606,87-7175611,Darill,Allaway,dallawaygt@columbia.edu,Fijian,Male,8/8/2023,368
607,88-5885044,Gaelan,Durno,gdurnogu@vimeo.com,Persian,Male,4/13/2023,27580
608,32-0822467,Kipp,Swatman,kswatmangv@unicef.org,Arabic,Female,4/28/2023,39128
609,83-5562707,Vanny,Tommeo,vtommeogw@ed.gov,Moldovan,Female,1/21/2023,38590
610,12-7068210,Rozalin,Mickelwright,rmickelwrightgx@geocities.jp,Icelandic,Female,4/9/2023,13914
611,73-0027725,Donia,Basindale,dbasindalegy@yolasite.com,Punjabi,Female,11/2/2023,25801
612,14-6625825,Romona,Windrum,rwindrumgz@auda.org.au,Gujarati,Female,2/5/2024,4203
613,32-8899718,Nanni,O'Scanlan,noscanlanh0@miibeian.gov.cn,Pashto,Female,8/20/2023,41748
614,62-4511114,Margeaux,Copnar,mcopnarh1@google.ca,Zulu,Genderqueer,12/23/2023,29675
615,26-3445775,Meredithe,Farrance,mfarranceh2@wikia.com,Maltese,Female,1/29/2023,16986
616,45-7252497,Clara,Bradbeer,cbradbeerh3@hexun.com,Kurdish,Female,10/24/2023,526
617,21-9259234,Andras,Kestle,akestleh4@netscape.com,Irish Gaelic,Male,1/24/2024,8800
618,67-2754371,Sheela,Morman,smormanh5@4shared.com,Indonesian,Female,4/22/2023,7
619,66-9230500,Antonietta,Gudgen,agudgenh6@netlog.com,Japanese,Female,2/6/2023,22765
620,19-7163585,Magda,Simester,msimesterh7@columbia.edu,Bulgarian,Female,1/30/2023,2393
621,36-7344788,Gerianne,Dudny,gdudnyh8@pbs.org,Georgian,Female,10/24/2023,37534
622,72-6686348,Joan,Lammiman,jlammimanh9@rediff.com,Punjabi,Female,4/2/2023,20176
623,60-7341822,Rabbi,Konzel,rkonzelha@newsvine.com,Haitian Creole,Male,7/14/2023,44421
624,54-7485651,Angil,Marle,amarlehb@nifty.com,Belarusian,Female,10/15/2023,24404
625,62-7508456,Candice,Springford,cspringfordhc@jimdo.com,Punjabi,Female,12/27/2023,33598
626,76-4201003,Erie,Astill,eastillhd@tiny.cc,Bulgarian,Male,10/20/2023,8532
627,66-0532174,Ysabel,Priestnall,ypriestnallhe@house.gov,Ndebele,Female,3/20/2023,25552
628,09-8688001,Debbie,Louca,dloucahf@theatlantic.com,Icelandic,Female,2/8/2024,23579
629,41-7013230,Barrie,Alessandrucci,balessandruccihg@deviantart.com,Azeri,Male,9/8/2023,44763
630,86-1796325,Carney,Langelay,clangelayhh@people.com.cn,French,Non-binary,1/23/2024,24029
631,62-9311494,Dominick,Lavell,dlavellhi@wisc.edu,Estonian,Male,1/26/2024,37854
632,48-7409295,Burl,Bruno,bbrunohj@google.com,Icelandic,Male,1/18/2023,42954
633,88-7672918,Trudi,Aubin,taubinhk@epa.gov,Gujarati,Bigender,4/27/2023,29446
634,39-7868609,Catherine,Marchington,cmarchingtonhl@army.mil,Mongolian,Female,7/7/2023,12125
635,05-9257338,Muffin,Arnefield,marnefieldhm@twitter.com,Romanian,Male,4/24/2023,23250
636,30-7034471,Melody,Snazle,msnazlehn@imageshack.us,Haitian Creole,Female,1/1/2023,43007
637,00-4468981,Ruben,Fernehough,rfernehoughho@purevolume.com,Tok Pisin,Male,5/21/2023,44730
638,30-5817633,Chilton,Pollendine,cpollendinehp@cargocollective.com,Bislama,Male,10/22/2023,31749
639,53-8036381,Yank,Solomonides,ysolomonideshq@aol.com,West Frisian,Genderqueer,1/25/2024,34242
640,66-8766917,Karlan,Seager,kseagerhr@jigsy.com,Estonian,Male,11/6/2023,38541
641,10-8660093,Francene,Bruckman,fbruckmanhs@miitbeian.gov.cn,Tamil,Female,2/4/2024,35708
642,56-9086171,Tamqrah,Billsberry,tbillsberryht@prweb.com,Macedonian,Female,10/30/2023,13534
643,78-1260578,Quent,Moncrieffe,qmoncrieffehu@apple.com,Korean,Male,2/27/2023,11039
644,21-6466810,Jarrod,Girvan,jgirvanhv@irs.gov,Fijian,Male,1/6/2023,20203
645,70-1066515,Nick,Flinn,nflinnhw@trellian.com,Greek,Male,7/2/2023,18872
646,41-7698083,Thorstein,Nickels,tnickelshx@privacy.gov.au,Fijian,Male,2/20/2023,42393
647,10-5942852,Malachi,Cosin,mcosinhy@chron.com,Amharic,Male,1/21/2023,25139
648,81-8682860,Ring,Churchouse,rchurchousehz@sun.com,Danish,Male,11/6/2023,16805
649,49-7828117,Benita,Burnhard,bburnhardi0@guardian.co.uk,Fijian,Female,11/4/2023,657
650,91-8180112,Saleem,Redfern,sredferni1@blogtalkradio.com,Spanish,Male,2/11/2023,16232
651,94-8851854,Cordey,Duffett,cduffetti2@360.cn,Māori,Female,2/10/2023,8958
652,21-0415741,Gerry,Creser,gcreseri3@addtoany.com,Mongolian,Female,7/10/2023,24742
653,64-2722690,Ranee,Stitson,rstitsoni4@google.es,Quechua,Female,1/5/2024,538
654,54-9528967,Laryssa,Gay,lgayi5@joomla.org,Swahili,Female,1/15/2024,41687
655,09-2022565,Mack,Showt,mshowti6@hexun.com,Kannada,Male,4/23/2023,21187
656,03-1362527,Addia,Hourican,ahouricani7@oaic.gov.au,Northern Sotho,Female,9/24/2023,4219
657,25-6883685,Daren,Wallman,dwallmani8@globo.com,Marathi,Male,9/11/2023,18233
658,16-4865820,Montague,Tullis,mtullisi9@wunderground.com,Fijian,Male,10/31/2023,28558
659,61-8175156,Emmy,Connachan,econnachania@hao123.com,Tamil,Genderqueer,11/19/2023,7810
660,44-6384448,Umeko,Blagburn,ublagburnib@vinaora.com,Romanian,Bigender,2/5/2023,20995
661,40-7448936,Taber,Devey,tdeveyic@theatlantic.com,Ndebele,Male,3/31/2023,474
662,26-9522426,Suzie,MacMaster,smacmasterid@google.co.uk,Malayalam,Female,3/18/2023,1030
663,73-7058931,Allin,Mandres,amandresie@foxnews.com,Amharic,Male,11/12/2023,13476
664,54-6130137,Devland,Biesty,dbiestyif@java.com,Zulu,Agender,3/18/2023,21396
665,18-6112525,Tommie,Jakes,tjakesig@va.gov,Finnish,Female,5/11/2023,17556
666,47-9951717,Imogen,Grabbam,igrabbamih@e-recht24.de,Telugu,Female,2/27/2023,30353
667,49-9233863,Rory,Emslie,remslieii@myspace.com,Kurdish,Polygender,1/7/2024,1345
668,47-9163847,Tildie,Frankis,tfrankisij@stanford.edu,Haitian Creole,Bigender,10/6/2023,4618
669,53-4158041,Anthiathia,Flemming,aflemmingik@mapy.cz,Chinese,Agender,7/19/2023,24870
670,65-5726622,Dukie,Veryard,dveryardil@woothemes.com,Kannada,Male,6/27/2023,22964
671,81-2541883,Jodie,McLaverty,jmclavertyim@cornell.edu,Arabic,Male,2/9/2024,9656
672,01-7018453,Tarrah,Reyna,treynain@studiopress.com,Luxembourgish,Female,8/5/2023,29125
673,21-5227455,Malory,Twine,mtwineio@ycombinator.com,Tsonga,Genderfluid,1/17/2024,21530
674,76-6053444,Mickie,Stithe,mstitheip@furl.net,German,Female,11/27/2023,2849
675,88-3792765,Joletta,Flecknell,jflecknelliq@canalblog.com,Somali,Female,6/4/2023,24742
676,97-8086530,Jemimah,Warne,jwarneir@wikispaces.com,Tetum,Female,2/27/2023,13139
677,06-2947370,Shirl,Berringer,sberringeris@harvard.edu,Swedish,Female,1/3/2023,34993
678,26-0608371,Damiano,Jaycock,djaycockit@samsung.com,Greek,Male,6/13/2023,25702
679,15-1934292,Queenie,Vasse,qvasseiu@issuu.com,Dzongkha,Female,7/6/2023,4690
680,41-8768435,Yardley,Burd,yburdiv@goodreads.com,Dhivehi,Male,9/24/2023,576
681,64-2294508,Jeana,Slatford,jslatfordiw@netvibes.com,Polish,Female,1/21/2023,14107
682,84-3492426,Merry,Brabham,mbrabhamix@ucsd.edu,Pashto,Male,2/24/2024,2771
683,56-4915649,Clemmie,Aliman,calimaniy@thetimes.co.uk,Hiri Motu,Female,3/14/2023,43435
684,13-1307302,Thom,Treadgold,ttreadgoldiz@netvibes.com,German,Male,8/9/2023,630
685,01-0703937,Alex,Gowans,agowansj0@myspace.com,Swahili,Male,8/24/2023,5855
686,28-4635113,Kizzie,Aucott,kaucottj1@nydailynews.com,Lao,Female,7/4/2023,8496
687,87-9341610,Perry,Ilyin,pilyinj2@freewebs.com,Ndebele,Female,3/22/2023,42819
688,06-5373979,Stewart,Suddaby,ssuddabyj3@biglobe.ne.jp,Lithuanian,Male,2/26/2024,40243
689,93-0390877,Mozelle,Iacopini,miacopinij4@princeton.edu,Ndebele,Female,1/11/2024,38382
690,71-2436228,Clementine,Tinghill,ctinghillj5@weibo.com,Bulgarian,Female,6/1/2023,15838
691,74-7325829,Arlen,Tincey,atinceyj6@youtu.be,Croatian,Female,5/20/2023,44660
692,89-1878016,Cesaro,Impey,cimpeyj7@wikispaces.com,Hindi,Male,1/15/2024,20726
693,30-7968738,Vasilis,Warde,vwardej8@soup.io,Romanian,Male,5/28/2023,40124
694,29-8969838,Ramonda,Seel,rseelj9@tinypic.com,Armenian,Female,5/14/2023,39972
695,95-8289701,Marline,Basterfield,mbasterfieldja@wufoo.com,Somali,Female,7/28/2023,22071
696,36-5938704,Kristofor,MacEllen,kmacellenjb@1688.com,New Zealand Sign Language,Male,2/16/2023,24028
697,98-7760272,Betty,Ashton,bashtonjc@biglobe.ne.jp,Telugu,Female,9/25/2023,14198
698,10-2093879,Vachel,Simonato,vsimonatojd@csmonitor.com,West Frisian,Male,8/2/2023,2623
699,48-6700567,Ebenezer,Baulch,ebaulchje@omniture.com,Icelandic,Male,4/9/2023,6704
700,78-1575490,Abrahan,Courtenay,acourtenayjf@stanford.edu,Hiri Motu,Male,10/4/2023,15996
701,20-9100299,Thayne,Crowthe,tcrowthejg@flavors.me,Tswana,Male,3/28/2023,36868
702,00-7937020,Gerri,Darwood,gdarwoodjh@hud.gov,Portuguese,Female,5/14/2023,9037
703,44-8854076,Carlynn,Stokes,cstokesji@hhs.gov,Belarusian,Female,1/30/2023,37751
704,16-9403303,Tanhya,Canet,tcanetjj@cbc.ca,Papiamento,Female,3/12/2023,33330
705,52-8233535,Ange,Tunnow,atunnowjk@geocities.com,Hindi,Male,6/15/2023,32664
706,26-4815279,Hendrik,Raper,hraperjl@cmu.edu,Dutch,Male,1/5/2024,28388
707,52-3683550,Nathanael,Oldcote,noldcotejm@bandcamp.com,Dari,Male,2/3/2023,9556
708,64-5596785,Arlie,Kinmond,akinmondjn@jigsy.com,Japanese,Female,4/22/2023,1290
709,49-4318409,Kahlil,Breadmore,kbreadmorejo@reference.com,Swedish,Male,11/21/2023,33845
710,43-5626234,Collete,Riccard,criccardjp@arizona.edu,German,Female,9/21/2023,4282
711,74-4709651,Welch,Scotchmoor,wscotchmoorjq@apache.org,Lao,Male,1/1/2023,36801
712,92-9864884,Saba,Tasker,staskerjr@admin.ch,Dhivehi,Female,2/27/2024,16187
713,03-8479488,Moreen,Gunney,mgunneyjs@technorati.com,Tsonga,Female,8/29/2023,43596
714,83-1263103,Quinn,McDarmid,qmcdarmidjt@elpais.com,English,Male,1/25/2023,43658
715,99-6740168,Rozele,Grimsdale,rgrimsdaleju@oracle.com,Maltese,Female,11/8/2023,40759
716,53-0000303,Vinnie,Kettell,vkettelljv@state.gov,Montenegrin,Female,2/23/2024,34233
717,42-5666408,Brion,Toulson,btoulsonjw@domainmarket.com,Chinese,Male,7/22/2023,12804
718,59-1273133,Geno,Daugherty,gdaughertyjx@census.gov,Azeri,Male,7/12/2023,22808
719,20-4261346,Sheena,Laxen,slaxenjy@devhub.com,West Frisian,Female,1/13/2023,16238
720,10-3330207,Chauncey,Karpenya,ckarpenyajz@cafepress.com,Dhivehi,Male,4/11/2023,38547
721,12-0432699,Aida,Pirie,apiriek0@bizjournals.com,English,Female,10/16/2023,40135
722,36-5067083,Salmon,Greenhalgh,sgreenhalghk1@nasa.gov,Czech,Male,6/3/2023,24170
723,25-4070054,Mike,Bulfoot,mbulfootk2@shop-pro.jp,Sotho,Male,6/11/2023,45173
724,45-8493325,Timothee,Pennicard,tpennicardk3@wired.com,Icelandic,Male,2/24/2024,20150
725,41-3014778,Walker,Pittwood,wpittwoodk4@studiopress.com,English,Male,6/28/2023,24846
726,67-3016264,Mercedes,Pennuzzi,mpennuzzik5@chronoengine.com,Spanish,Female,3/22/2023,16756
727,01-9788935,D'arcy,Joannidi,djoannidik6@marriott.com,Catalan,Male,8/28/2023,18364
728,77-1774086,Valle,Flanne,vflannek7@ucsd.edu,Khmer,Agender,2/17/2024,42689
729,35-8872483,Francois,Ullett,fullettk8@usa.gov,Dzongkha,Male,8/26/2023,42398
730,18-2867124,Lizzy,Spatarul,lspatarulk9@sbwire.com,Sotho,Female,3/6/2024,41656
731,55-8701219,Thornie,Gorcke,tgorckeka@bbb.org,Afrikaans,Genderqueer,1/31/2023,21565
732,61-8408202,Lidia,Levermore,llevermorekb@ehow.com,Gujarati,Female,3/12/2024,26785
733,84-4196895,Bunny,Newall,bnewallkc@oaic.gov.au,Dhivehi,Female,10/9/2023,22495
734,61-1106681,Gerome,Kempson,gkempsonkd@technorati.com,Indonesian,Male,8/13/2023,35103
735,25-7068783,Melina,O'Scanlon,moscanlonke@slideshare.net,Hiri Motu,Female,4/17/2023,10532
736,41-6268222,Kora,Simonich,ksimonichkf@zdnet.com,Lithuanian,Female,10/3/2023,11675
737,18-3659876,Desi,Foster-Smith,dfostersmithkg@bbc.co.uk,Pashto,Male,1/5/2024,3948
738,86-1684262,Salem,Stibbs,sstibbskh@unblog.fr,Hungarian,Male,10/31/2023,34432
739,24-4184236,Bernarr,Stichel,bstichelki@senate.gov,Malayalam,Male,4/3/2023,37778
740,60-4732081,Nettle,Mullin,nmullinkj@yandex.ru,Marathi,Female,10/30/2023,12697
741,35-8312225,Ashleigh,Eltringham,aeltringhamkk@lulu.com,Quechua,Female,1/1/2023,12790
742,82-3594400,Dino,Durban,ddurbankl@ezinearticles.com,Romanian,Male,11/26/2023,31800
743,02-8187834,Lizbeth,Mackiewicz,lmackiewiczkm@amazon.de,Tswana,Bigender,9/14/2023,35224
744,02-8257125,Ulrika,Scoggans,uscogganskn@squarespace.com,Zulu,Female,12/9/2023,20858
745,45-1762113,Darci,Lewens,dlewensko@constantcontact.com,Armenian,Female,3/13/2024,39889
746,17-2194815,Ricardo,Dixcee,rdixceekp@jigsy.com,Macedonian,Male,11/4/2023,31090
747,52-4551980,Arielle,Lyste,alystekq@gnu.org,Punjabi,Female,3/28/2023,2178
748,77-1195934,Eirena,Linning,elinningkr@un.org,German,Female,8/27/2023,25605
749,72-9676409,Jerrome,Guyers,jguyersks@engadget.com,German,Genderqueer,3/6/2024,8410
750,40-7044684,Lock,Colebrook,lcolebrookkt@amazon.de,Bislama,Male,10/10/2023,39571
751,26-6749207,Roz,Simunek,rsimunekku@amazonaws.com,Guaraní,Female,2/14/2024,16935
752,26-7118440,Glenden,Breward,gbrewardkv@amazon.com,Swahili,Male,6/3/2023,41140
753,16-0996794,Neely,Lindman,nlindmankw@discovery.com,Fijian,Female,1/26/2024,44791
754,87-1382029,Zebulen,Fomichyov,zfomichyovkx@godaddy.com,Kannada,Male,8/16/2023,22971
755,83-7032448,Joline,Trythall,jtrythallky@nymag.com,Kurdish,Female,6/10/2023,35134
756,51-2354929,Fleming,Wheeler,fwheelerkz@flavors.me,Burmese,Male,3/13/2023,3634
757,46-2191593,Alanna,Scading,ascadingl0@vkontakte.ru,Khmer,Genderfluid,8/8/2023,15000
758,73-1243516,Josiah,Sheal,jsheall1@hatena.ne.jp,Arabic,Male,12/27/2023,19001
759,38-5636720,Bev,Parkman,bparkmanl2@aboutads.info,Tetum,Female,11/2/2023,38037
760,95-4420799,Gaylor,Samsin,gsamsinl3@ustream.tv,Tamil,Male,7/23/2023,38897
761,25-2210813,Mordecai,Villar,mvillarl4@economist.com,Kannada,Male,1/5/2023,22964
762,42-5489276,Florrie,De Matteis,fdematteisl5@sohu.com,Dari,Female,1/6/2024,10430
763,96-8743046,Roze,Arntzen,rarntzenl6@apple.com,Portuguese,Female,12/27/2023,42296
764,63-9448020,Dorie,Djekic,ddjekicl7@army.mil,Nepali,Non-binary,5/8/2023,11774
765,50-1429304,Starlene,Dalgarno,sdalgarnol8@opensource.org,Afrikaans,Female,3/28/2023,36967
766,23-8378332,Zora,Ovid,zovidl9@google.com.hk,Malagasy,Female,1/6/2023,32596
767,60-2252731,Dori,Whittles,dwhittlesla@mac.com,Oriya,Female,7/27/2023,23384
768,80-4681423,Ekaterina,Purdon,epurdonlb@trellian.com,Japanese,Non-binary,8/16/2023,35176
769,71-2268685,Fredrika,Luter,fluterlc@gnu.org,Pashto,Female,2/28/2024,6637
770,20-0023265,Bendicty,Sherwen,bsherwenld@loc.gov,Latvian,Male,11/30/2023,44110
771,75-0300245,Winifield,Devonside,wdevonsidele@harvard.edu,Malayalam,Male,9/9/2023,21369
772,97-6680892,Karylin,Thackray,kthackraylf@usda.gov,Swahili,Female,1/13/2023,22674
773,33-5543360,Vannie,Cerith,vcerithlg@huffingtonpost.com,Pashto,Female,9/17/2023,39077
774,18-1169111,Grantley,Mardall,gmardalllh@exblog.jp,Danish,Male,6/5/2023,31202
775,66-3192801,Michaella,Gibson,mgibsonli@myspace.com,Swedish,Female,2/5/2023,29722
776,60-4253885,Elsbeth,Stirzaker,estirzakerlj@wufoo.com,Pashto,Female,7/16/2023,12575
777,18-9129774,Gordie,Jablonski,gjablonskilk@npr.org,Swahili,Male,3/27/2023,33569
778,09-3855585,Wynnie,MacMorland,wmacmorlandll@flickr.com,Tamil,Non-binary,7/28/2023,27622
779,39-8152629,Galen,Varren,gvarrenlm@cocolog-nifty.com,Māori,Male,10/2/2023,19780
780,62-6323749,Cloe,Flegg,cfleggln@netlog.com,Dari,Female,7/4/2023,35341
781,16-1948165,Roddy,Regelous,rregelouslo@springer.com,Nepali,Male,10/28/2023,24682
782,82-6305540,Luciano,McCane,lmccanelp@google.ca,Armenian,Male,4/30/2023,13283
783,77-2276660,Rosalind,Villiers,rvillierslq@sogou.com,Tok Pisin,Female,10/27/2023,26638
784,74-4539301,Fiorenze,Perillo,fperillolr@biblegateway.com,Croatian,Non-binary,3/13/2024,10843
785,63-4670962,Ashlen,Duly,adulyls@meetup.com,Yiddish,Female,2/24/2023,6665
786,65-0501156,Adriena,Quan,aquanlt@guardian.co.uk,Guaraní,Female,4/26/2023,19488
787,32-1032598,Berty,Wreight,bwreightlu@adobe.com,Kurdish,Bigender,6/3/2023,20175
788,77-2170940,Tarrah,Sibley,tsibleylv@army.mil,Gujarati,Female,11/1/2023,29073
789,03-2598413,Elijah,Steggals,esteggalslw@smh.com.au,Hiri Motu,Male,10/15/2023,12935
790,64-5670113,Zebulen,Abrahami,zabrahamilx@storify.com,Kyrgyz,Male,3/5/2023,29016
791,35-6793492,Anthia,Pray,aprayly@gov.uk,Kashmiri,Female,11/27/2023,41235
792,19-5629446,Clemens,Wimpenny,cwimpennylz@redcross.org,New Zealand Sign Language,Male,3/21/2023,44563
793,65-1379118,Luise,Lascelles,llascellesm0@unesco.org,Bulgarian,Female,9/27/2023,7881
794,89-2540152,Wells,Longfut,wlongfutm1@economist.com,Gagauz,Genderqueer,2/10/2023,26764
795,67-9900490,Coop,Gammett,cgammettm2@upenn.edu,Tamil,Bigender,4/19/2023,26889
796,99-9988951,Alec,McKeney,amckeneym3@slideshare.net,Khmer,Male,2/2/2024,27382
797,15-8881383,Jacynth,Booeln,jbooelnm4@ning.com,West Frisian,Female,12/10/2023,29788
798,26-4404131,Benoite,Lidbetter,blidbetterm5@fema.gov,Somali,Female,1/25/2024,2587
799,18-0158411,Allyce,Purkis,apurkism6@deliciousdays.com,Finnish,Female,9/16/2023,23109
800,24-9529865,Trude,Jepperson,tjeppersonm7@apple.com,Kashmiri,Female,1/17/2023,26645
801,16-6235220,Annmarie,Goff,agoffm8@pbs.org,Swahili,Female,1/12/2023,42265
802,78-7807929,Stephan,Capron,scapronm9@howstuffworks.com,Norwegian,Male,4/24/2023,17941
803,38-4579254,Melisse,Phibb,mphibbma@ebay.co.uk,Somali,Female,9/24/2023,28413
804,66-3240451,Frankie,Pietzker,fpietzkermb@naver.com,Tok Pisin,Genderqueer,7/1/2023,23757
805,30-7700612,Nanete,Stichel,nstichelmc@dedecms.com,Romanian,Female,1/14/2024,6357
806,12-7388696,Linet,Alesin,lalesinmd@engadget.com,Hebrew,Female,11/28/2023,37767
807,17-9896041,Arleen,Capinetti,acapinettime@princeton.edu,Marathi,Polygender,8/23/2023,35359
808,20-2141659,Lindi,Lindeboom,llindeboommf@cnn.com,Hindi,Female,2/3/2024,16713
809,94-9763027,Vittoria,Campsall,vcampsallmg@cbslocal.com,Sotho,Female,11/18/2023,22698
810,91-8834140,Rogerio,Gambrell,rgambrellmh@cbsnews.com,Dutch,Male,11/3/2023,9975
811,75-8090898,Frankie,Kehri,fkehrimi@un.org,Hungarian,Male,1/31/2024,12064
812,51-6951305,Romona,Garbutt,rgarbuttmj@ebay.co.uk,Kashmiri,Female,3/3/2023,43359
813,67-5044545,Kikelia,Dungey,kdungeymk@apache.org,Indonesian,Female,1/21/2024,34587
814,41-4411688,Blisse,Compston,bcompstonml@parallels.com,English,Female,3/5/2023,32223
815,82-3382948,Gennifer,Mannie,gmanniemm@t-online.de,Spanish,Female,5/21/2023,33080
816,19-3988918,Ad,Arnault,aarnaultmn@acquirethisname.com,Georgian,Male,1/4/2024,45131
817,24-0423022,Benjy,Saice,bsaicemo@reference.com,Oriya,Genderqueer,2/18/2024,26422
818,37-2378216,Loralie,Snar,lsnarmp@weebly.com,Quechua,Genderqueer,1/9/2024,24787
819,19-8172560,Darda,Brashier,dbrashiermq@mapy.cz,Irish Gaelic,Female,3/6/2024,41500
820,28-6764440,Terry,Sawbridge,tsawbridgemr@domainmarket.com,Gujarati,Female,3/27/2023,23459
821,75-2087737,Hallsy,Zylbermann,hzylbermannms@hostgator.com,Hungarian,Male,1/22/2024,14618
822,32-1065065,Alaric,Sommerland,asommerlandmt@list-manage.com,Albanian,Male,6/10/2023,8976
823,52-9267645,Tonie,Isgate,tisgatemu@statcounter.com,Malayalam,Female,4/19/2023,1612
824,94-2705151,Jocko,Malsher,jmalshermv@elpais.com,Amharic,Male,1/27/2023,12552
825,69-8755898,Craggie,Boxell,cboxellmw@epa.gov,Italian,Male,2/14/2024,23121
826,35-5234583,Nickolai,Jacobbe,njacobbemx@joomla.org,Arabic,Male,2/9/2024,30037
827,34-1688722,Coral,Easun,ceasunmy@seesaa.net,Portuguese,Genderfluid,12/2/2023,8899
828,43-9310592,Bar,Arderne,bardernemz@eventbrite.com,Bosnian,Male,11/4/2023,36126
829,22-9281467,Talbert,Antoniades,tantoniadesn0@deliciousdays.com,Marathi,Male,12/13/2023,31374
830,96-7996289,Lela,McMorran,lmcmorrann1@guardian.co.uk,Irish Gaelic,Female,6/13/2023,22970
831,50-2795697,Sammie,Mariel,smarieln2@drupal.org,Norwegian,Male,9/29/2023,27485
832,06-3924082,Janey,Olanda,jolandan3@unesco.org,Somali,Female,10/9/2023,18419
833,21-7755559,Miguelita,Mingaud,mmingaudn4@china.com.cn,Portuguese,Female,1/13/2023,7027
834,31-1851643,Milt,O'Brian,mobriann5@columbia.edu,Yiddish,Male,5/12/2023,38320
835,21-7943050,Antoine,Cowlas,acowlasn6@tuttocitta.it,Tsonga,Male,9/10/2023,26153
836,46-8361638,Hyman,Carnier,hcarniern7@netvibes.com,Chinese,Male,11/19/2023,7989
837,44-4190798,Erie,Darrell,edarrelln8@fema.gov,Icelandic,Male,11/22/2023,19217
838,22-7714683,Feliks,Boggas,fboggasn9@reference.com,Hungarian,Male,3/16/2023,10683
839,74-3606029,Sascha,Egginton,seggintonna@ow.ly,Hiri Motu,Male,4/16/2023,29424
840,54-2363050,Keith,Rutledge,krutledgenb@1688.com,Nepali,Male,3/7/2023,16874
841,06-6501643,Galen,Schuler,gschulernc@scientificamerican.com,Kurdish,Polygender,10/12/2023,18695
842,72-6252669,Alisander,Bawden,abawdennd@fotki.com,French,Male,6/1/2023,36964
843,91-4218842,Redford,Rawcliff,rrawcliffne@bluehost.com,Papiamento,Male,6/21/2023,36182
844,49-8765524,Jimmie,Randalston,jrandalstonnf@a8.net,Dhivehi,Male,2/14/2023,18239
845,16-0308711,Collete,Mesant,cmesantng@noaa.gov,Hungarian,Female,8/14/2023,5961
846,08-7422695,Padraig,Leaney,pleaneynh@samsung.com,Tswana,Male,7/15/2023,3821
847,97-1155678,Cyndi,Lutas,clutasni@biblegateway.com,Quechua,Female,11/3/2023,44523
848,18-9972969,Edita,O'Rafferty,eoraffertynj@nature.com,Catalan,Female,12/31/2023,28011
849,12-2123667,Carr,Burberow,cburberownk@cdbaby.com,Malayalam,Male,8/26/2023,28438
850,89-4179576,Lesley,Sheffield,lsheffieldnl@guardian.co.uk,Māori,Male,3/3/2023,35513
851,88-7887332,Dell,Teasdale,dteasdalenm@sun.com,Croatian,Non-binary,3/5/2024,42980
852,33-9123491,Charmian,Sturdey,csturdeynn@jalbum.net,Tswana,Female,6/19/2023,38531
853,20-6156858,Billy,Schowenburg,bschowenburgno@theatlantic.com,Kurdish,Male,1/23/2024,7539
854,72-1886661,Sandy,Phinn,sphinnnp@mtv.com,Estonian,Female,8/14/2023,30506
855,15-5125374,Miner,Anthonies,manthoniesnq@imageshack.us,Kyrgyz,Genderfluid,10/3/2023,310
856,60-5543590,Renae,Harniman,rharnimannr@businessinsider.com,Marathi,Female,10/24/2023,16729
857,29-7771824,Nap,Lewisham,nlewishamns@issuu.com,Macedonian,Male,1/25/2023,5471
858,08-6297854,Jabez,Beston,jbestonnt@imageshack.us,Czech,Male,11/2/2023,5897
859,69-3896531,Goldarina,Sarsfield,gsarsfieldnu@discovery.com,Bengali,Female,1/31/2023,40962
860,36-3574493,Binky,Gladdis,bgladdisnv@rediff.com,Croatian,Male,1/14/2024,25759
861,15-1718207,Patsy,Leonida,pleonidanw@diigo.com,Telugu,Male,10/23/2023,39006
862,37-0984814,Selene,Meier,smeiernx@purevolume.com,Danish,Female,11/24/2023,18101
863,33-7940555,Sada,Brett,sbrettny@chronoengine.com,Somali,Agender,9/15/2023,13509
864,36-2464547,Lidia,Swyne,lswynenz@jalbum.net,Lithuanian,Female,3/1/2023,16105
865,30-2680907,Lydon,Nealey,lnealeyo0@shinystat.com,Kannada,Male,11/27/2023,43246
866,13-9512120,Salli,Billingham,sbillinghamo1@yellowbook.com,Swedish,Agender,3/21/2023,17414
867,27-8853189,Michael,Kleinsinger,mkleinsingero2@vistaprint.com,Persian,Male,2/3/2024,11218
868,24-7183498,Gilberto,Berkowitz,gberkowitzo3@redcross.org,Belarusian,Male,9/21/2023,31320
869,66-5930271,Farrah,Aurelius,faureliuso4@dyndns.org,Malay,Female,1/8/2024,11327
870,29-4518623,Andy,Ramey,arameyo5@state.tx.us,Romanian,Male,5/22/2023,20024
871,99-7426678,Thayne,Cater,tcatero6@livejournal.com,Tamil,Genderqueer,4/17/2023,43799
872,44-5302552,Conny,Widdows,cwiddowso7@dailymotion.com,Portuguese,Male,2/21/2023,37316
873,99-8003544,Kirbie,Flockhart,kflockharto8@gmpg.org,Bengali,Female,11/5/2023,20084
874,42-5868487,Garvin,Hackin,ghackino9@is.gd,Latvian,Male,8/7/2023,30611
875,27-7888943,Sidonia,Mouan,smouanoa@ihg.com,Tamil,Female,8/6/2023,24394
876,13-1631744,Phil,Braisby,pbraisbyob@springer.com,Kazakh,Female,4/4/2023,18107
877,89-8509321,Sapphire,Chstney,schstneyoc@dedecms.com,Quechua,Female,7/11/2023,14653
878,73-2329697,Dyann,Vedeshkin,dvedeshkinod@sitemeter.com,Gujarati,Female,1/19/2023,21982
879,67-4712535,Josh,Witul,jwituloe@cnn.com,Croatian,Male,4/17/2023,28994
880,75-3113658,Lexy,Hartmann,lhartmannof@sogou.com,Icelandic,Female,1/20/2024,20231
881,43-6979052,Cobbie,Defraine,cdefraineog@tmall.com,Māori,Male,10/13/2023,15120
882,01-9282117,Betti,Gilkes,bgilkesoh@ebay.co.uk,Telugu,Female,1/12/2023,27406
883,11-7037797,Baillie,Sline,bslineoi@livejournal.com,Filipino,Male,5/26/2023,5689
884,43-6730973,Zak,Batter,zbatteroj@studiopress.com,English,Male,2/22/2024,12330
885,02-1454944,Jemmy,Jerger,jjergerok@cam.ac.uk,Lao,Female,3/19/2023,18833
886,58-3817115,Tildi,Cluely,tcluelyol@cocolog-nifty.com,Spanish,Female,1/10/2023,38451
887,02-3003070,Serene,Pre,spreom@uiuc.edu,Luxembourgish,Bigender,3/10/2024,27707
888,48-4635055,Gaultiero,Dimitru,gdimitruon@cdbaby.com,Dari,Male,12/13/2023,34397
889,81-7285569,Raffaello,Albert,ralbertoo@ifeng.com,Tswana,Male,1/2/2023,2174
890,76-8332851,Esteban,Delieu,edelieuop@1688.com,Pashto,Genderfluid,7/28/2023,12919
891,88-6900658,Hewet,Canniffe,hcanniffeoq@hatena.ne.jp,Indonesian,Male,11/3/2023,20518
892,02-9944053,Linell,Sackur,lsackuror@1und1.de,Icelandic,Female,4/6/2023,7760
893,28-0103454,Bronny,Johnigan,bjohniganos@google.ca,Quechua,Male,2/6/2024,4160
894,17-4827725,Camella,Scorrer,cscorrerot@slideshare.net,Filipino,Female,8/10/2023,19563
895,76-6521396,Sonnie,Lording,slordingou@state.gov,Malayalam,Male,1/6/2023,13194
896,76-0027399,Eartha,Oliva,eolivaov@uiuc.edu,Albanian,Female,4/17/2023,3834
897,87-7451937,Lynn,Abramino,labraminoow@altervista.org,Telugu,Bigender,1/1/2023,22247
898,21-3652994,Laverne,Ingray,lingrayox@behance.net,Persian,Female,1/9/2023,11286
899,35-1918201,Thorin,Harrington,tharringtonoy@virginia.edu,English,Male,3/15/2023,15564
900,36-0582507,Prudy,Arrault,parraultoz@g.co,Finnish,Female,4/30/2023,41096
901,58-2366215,Jan,St. Ledger,jstledgerp0@wikia.com,Polish,Male,1/16/2024,16248
902,51-9502139,Evonne,Dole,edolep1@illinois.edu,Korean,Female,9/9/2023,30565
903,73-0596865,Kurt,Oram,koramp2@123-reg.co.uk,Lao,Male,9/1/2023,17263
904,17-9469480,Della,Linger,dlingerp3@gnu.org,Macedonian,Female,2/17/2024,23194
905,45-7228452,Catarina,Bolam,cbolamp4@nhs.uk,New Zealand Sign Language,Female,5/28/2023,13487
906,87-9516627,Matthiew,Aspinal,maspinalp5@deviantart.com,Tamil,Male,12/10/2023,5437
907,64-5646697,Rurik,Dimeloe,rdimeloep6@nhs.uk,Malagasy,Male,10/12/2023,14671
908,31-0358180,Kiri,Rideout,krideoutp7@sfgate.com,Zulu,Female,3/28/2023,34169
909,62-5026073,Hildagarde,Lethlay,hlethlayp8@istockphoto.com,Swati,Female,4/13/2023,9882
910,47-2109688,Stanfield,Gotts,sgottsp9@blog.com,Kashmiri,Male,8/26/2023,29131
911,47-0420283,Jean,Hailes,jhailespa@livejournal.com,Dhivehi,Bigender,2/17/2023,4150
912,71-6410853,Erma,Brunsen,ebrunsenpb@google.es,Guaraní,Polygender,8/26/2023,22435
913,35-7907686,Mae,Caitlin,mcaitlinpc@marriott.com,Bengali,Female,5/16/2023,11937
914,83-0790327,Erick,Quartley,equartleypd@wisc.edu,Kannada,Male,12/2/2023,43196
915,89-7158113,Sheree,Schroder,sschroderpe@ovh.net,Kurdish,Female,6/12/2023,34687
916,40-3136184,Alon,Watkin,awatkinpf@plala.or.jp,Hebrew,Male,7/29/2023,7923
917,80-4276328,Frazer,Camell,fcamellpg@nba.com,Malay,Male,12/2/2023,10021
918,98-7713128,Lynnea,Fownes,lfownesph@nih.gov,Kashmiri,Female,7/15/2023,736
919,56-4766246,Freedman,Pleace,fpleacepi@thetimes.co.uk,Thai,Male,8/14/2023,38758
920,38-8060390,Keely,Edards,kedardspj@hostgator.com,Māori,Genderqueer,1/24/2024,22557
921,58-2146888,Denise,Smitherman,dsmithermanpk@mac.com,Dari,Female,3/9/2023,26266
922,78-2156557,Ilsa,Sedgemond,isedgemondpl@patch.com,Icelandic,Female,3/4/2023,43863
923,12-9772333,Vyky,Domico,vdomicopm@opensource.org,Portuguese,Female,4/21/2023,4251
924,74-3809525,Vidovic,Novis,vnovispn@ihg.com,Mongolian,Male,6/27/2023,11136
925,48-1434422,Martainn,Mateu,mmateupo@g.co,Tamil,Male,2/26/2023,40409
926,20-2198606,Anneliese,Kilbey,akilbeypp@ebay.co.uk,Belarusian,Female,2/11/2023,38083
927,43-4111209,Bryant,Whitebread,bwhitebreadpq@usatoday.com,Swahili,Male,4/8/2023,13895
928,28-1960037,Kirsteni,Streets,kstreetspr@va.gov,Guaraní,Female,1/23/2024,35736
929,54-8914843,Rodrick,Milmore,rmilmoreps@cmu.edu,Swahili,Male,8/15/2023,30006
930,53-4216311,Heywood,Machin,hmachinpt@squarespace.com,Bosnian,Male,3/30/2023,33672
931,33-7967657,Melisandra,Orrick,morrickpu@slate.com,Bosnian,Female,11/30/2023,34574
932,50-0040800,Maxim,Pickervance,mpickervancepv@so-net.ne.jp,Finnish,Male,6/17/2023,35053
933,48-0024743,Waldon,Heskey,wheskeypw@elegantthemes.com,Finnish,Male,3/5/2024,13720
934,11-0250619,Stevena,Roberto,srobertopx@delicious.com,Tswana,Female,10/24/2023,42030
935,13-5454169,Erroll,Lickorish,elickorishpy@google.com,Hebrew,Male,3/29/2023,41669
936,25-5360667,Abbie,Hovee,ahoveepz@columbia.edu,Tswana,Male,2/13/2024,44074
937,07-9108218,Coreen,Beavington,cbeavingtonq0@narod.ru,Korean,Female,1/31/2024,20185
938,88-4496117,Minnie,Kerner,mkernerq1@usda.gov,Papiamento,Female,1/1/2024,5517
939,67-5855539,Antonio,Goatman,agoatmanq2@reference.com,Gagauz,Male,8/28/2023,14173
940,46-8797575,Mallissa,Cottell,mcottellq3@who.int,Mongolian,Female,4/15/2023,22798
941,28-6958253,Bruis,Ciobotaro,bciobotaroq4@senate.gov,Georgian,Male,2/19/2023,21134
942,68-2132583,Logan,Puckham,lpuckhamq5@seattletimes.com,Italian,Male,11/16/2023,1629
943,43-1234739,Dyane,Turmel,dturmelq6@webs.com,Tok Pisin,Agender,10/4/2023,6362
944,03-5139462,Thornton,Clist,tclistq7@cyberchimps.com,Croatian,Male,8/18/2023,25627
945,48-8042576,Waylin,Ewebank,wewebankq8@netscape.com,Catalan,Male,12/24/2023,5928
946,75-1152150,Shaine,Duncklee,sdunckleeq9@nih.gov,Finnish,Female,10/18/2023,16304
947,41-8050898,Tamar,Pelos,tpelosqa@cbc.ca,Czech,Female,7/6/2023,35031
948,58-0373043,Reta,Airton,rairtonqb@patch.com,Fijian,Female,11/29/2023,7166
949,45-6183144,Vick,Keal,vkealqc@gnu.org,Swedish,Male,8/30/2023,41487
950,05-0577372,Ophelie,Mackelworth,omackelworthqd@japanpost.jp,Hiri Motu,Non-binary,10/25/2023,12925
951,58-9418684,Janis,Dowsing,jdowsingqe@imdb.com,Mongolian,Female,1/24/2023,32863
952,01-3990127,Chas,Gerriessen,cgerriessenqf@patch.com,Bulgarian,Male,1/18/2024,36080
953,69-0071900,Giles,Berthod,gberthodqg@aol.com,Dhivehi,Male,6/26/2023,37739
954,66-9349915,Zared,Domney,zdomneyqh@indiatimes.com,Japanese,Male,4/27/2023,7413
955,28-7513893,Byram,Luscott,bluscottqi@over-blog.com,Catalan,Male,6/2/2023,8464
956,35-1951207,Janie,Doy,jdoyqj@ucsd.edu,Maltese,Female,6/5/2023,34297
957,55-2752413,Glendon,Stag,gstagqk@sogou.com,Afrikaans,Male,8/19/2023,30934
958,90-7338391,Brendan,Pyzer,bpyzerql@netvibes.com,Somali,Male,1/21/2024,5371
959,11-7037148,Timoteo,Daily,tdailyqm@foxnews.com,Kazakh,Male,4/10/2023,21742
960,78-8864712,Ase,Lambrick,alambrickqn@deviantart.com,Kyrgyz,Non-binary,10/30/2023,8989
961,27-2138844,Hermon,Itzkovich,hitzkovichqo@walmart.com,Macedonian,Male,1/26/2023,15900
962,96-3881208,Nicola,Ewbanks,newbanksqp@msu.edu,Greek,Male,6/18/2023,44097
963,29-7555013,Quentin,Clampe,qclampeqq@jiathis.com,Bislama,Male,2/13/2023,16068
964,87-8595680,Vivianna,Thunder,vthunderqr@unblog.fr,Telugu,Female,1/4/2024,15688
965,44-5737750,Grissel,Yeandel,gyeandelqs@adobe.com,Catalan,Female,10/25/2023,30121
966,22-6682586,Linc,Veal,lvealqt@cargocollective.com,Indonesian,Male,8/12/2023,44250
967,10-7102652,Milzie,Lillistone,mlillistonequ@biblegateway.com,Hindi,Female,11/26/2023,42169
968,36-3788356,Serge,Trout,stroutqv@npr.org,Armenian,Male,10/5/2023,18926
969,63-6083702,Johannes,Caunt,jcauntqw@networksolutions.com,Nepali,Male,1/13/2024,38060
970,50-6762784,Abbey,Yeld,ayeldqx@odnoklassniki.ru,Korean,Female,8/26/2023,39426
971,26-3810159,Gilburt,Rexworthy,grexworthyqy@cpanel.net,Romanian,Male,1/16/2024,25337
972,86-9914003,Katlin,Loughren,kloughrenqz@vkontakte.ru,Estonian,Female,10/24/2023,11248
973,01-0053671,Roderic,Ajam,rajamr0@diigo.com,Thai,Agender,6/1/2023,1219
974,97-7861609,Willette,Scamaden,wscamadenr1@irs.gov,Macedonian,Female,9/9/2023,440
975,40-3000562,Dex,Graham,dgrahamr2@imageshack.us,Burmese,Male,6/8/2023,16938
976,04-5376749,Wilone,Tovey,wtoveyr3@goo.gl,West Frisian,Female,10/26/2023,17436
977,90-8282608,Jereme,Leasor,jleasorr4@uol.com.br,Lithuanian,Male,9/12/2023,34826
978,40-4957548,Herbert,Scamaden,hscamadenr5@reuters.com,Spanish,Male,7/17/2023,19957
979,59-5646582,Rona,Nicklen,rnicklenr6@flickr.com,Oriya,Female,11/28/2023,31409
980,46-2179298,Antonin,Cotsford,acotsfordr7@ning.com,Tswana,Male,5/8/2023,42993
981,12-8327935,Davon,Parell,dparellr8@github.io,Sotho,Male,7/30/2023,25031
982,60-1457773,Bern,Pacher,bpacherr9@163.com,Polish,Male,8/31/2023,36330
983,95-0761074,Finley,Ossulton,fossultonra@census.gov,Danish,Male,4/14/2023,39173
984,04-4887327,Adrien,Pakeman,apakemanrb@tuttocitta.it,Hungarian,Male,12/21/2023,3391
985,89-0799347,Eadie,Mortlock,emortlockrc@topsy.com,Malay,Female,6/27/2023,26545
986,08-4108912,Terry,Volet,tvoletrd@redcross.org,Korean,Male,5/23/2023,35317
987,57-6283155,Karry,Meneer,kmeneerre@miibeian.gov.cn,Lithuanian,Female,2/2/2024,27916
988,83-6675280,Kirsteni,O'Flynn,koflynnrf@google.cn,Bosnian,Female,2/28/2024,29693
989,70-5883206,Lyle,Wesgate,lwesgaterg@washington.edu,Fijian,Polygender,6/15/2023,32342
990,07-2411440,Levon,Terrans,lterransrh@pbs.org,Albanian,Male,5/10/2023,6230
991,51-5763938,Alana,McCaffery,amccafferyri@google.co.jp,Czech,Female,8/25/2023,45217
992,14-3411619,Rafferty,Sherrell,rsherrellrj@globo.com,Papiamento,Male,2/7/2024,38604
993,10-9848756,Bert,Hellwing,bhellwingrk@desdev.cn,Gujarati,Polygender,6/24/2023,23655
994,92-6622766,Beckie,Karolyi,bkarolyirl@msu.edu,Czech,Female,1/24/2023,35662
995,54-5921528,Laney,oldey,loldeyrm@columbia.edu,Bosnian,Non-binary,11/25/2023,37091
996,92-4346568,Tracie,Fidoe,tfidoern@si.edu,Papiamento,Female,10/24/2023,612
997,30-4380307,Cristin,Shorthill,cshorthillro@cocolog-nifty.com,Assamese,Female,8/11/2023,8483
998,58-5405403,Darrelle,Fuzzens,dfuzzensrp@hibu.com,Amharic,Polygender,6/7/2023,17273
999,38-2821465,Frankie,Ottosen,fottosenrq@guardian.co.uk,Georgian,Female,6/10/2023,19882
1000,05-0447275,Antonie,Charlotte,acharlotterr@google.com.au,Pashto,Female,4/21/2023,30620
